timestamp_ns,sequence_number,price,quantity,buy_order_id,sell_order_id
243576750,14,10100,100,7,6
293793147,20,10000,200,5,9
470047265,32,10100,100,13,8
829354463,58,10100,200,21,12
896924030,64,10000,200,18,23
1051849582,74,10000,100,22,27
1294128779,96,10000,100,26,31
1294128779,98,10000,100,28,31
1315522718,104,10000,200,29,33
1315522718,106,10000,200,30,33
1315522718,108,10000,100,32,33
1598260882,120,9998,100,14,37
1719686060,131,9998,100,38,40
1719686060,133,9998,100,39,40
1816106186,138,9998,100,39,43
2304552824,174,10000,100,51,55
2515955547,192,10100,100,61,50
2929288497,228,10000,200,56,73
2954453202,236,10000,100,59,75
2978659920,240,10000,200,63,76
2978659920,242,10000,500,64,76
2978659920,244,10000,100,65,76
2978659920,246,10000,200,66,76
3128150057,268,10100,100,85,68
3217373930,280,10000,100,71,89
3222962951,284,10100,100,90,69
3281369083,288,10000,100,71,91
3566224363,318,10000,100,81,101
3581742565,322,10101,100,102,48
3778236478,342,10101,100,109,48
4080473480,374,10000,100,96,117
4204812448,396,10000,100,100,124
4325431493,412,10101,100,128,92
4467669824,426,10101,100,131,107
4636725554,448,10101,100,138,123
4999017725,470,10000,100,115,144
4999017725,472,10000,100,121,144
5151893565,484,10101,200,148,137
5202546009,488,10000,100,122,149
5494465430,530,10101,100,162,141
5494465430,532,10101,100,162,142
5494465430,534,10101,100,162,143
5494465430,536,10101,200,162,146
5526836761,540,10101,100,163,147
5526836761,542,10101,100,163,154
5526836761,544,10101,500,163,156
5526836761,546,10101,100,163,158
5526836761,548,10102,200,163,93
5661532179,558,10000,200,135,167
5661532179,560,10000,300,145,167
5706007644,570,10102,100,170,119
5718386253,574,10102,100,171,127
5718386253,576,10102,100,171,151
5915524837,592,10102,100,176,165
5915524837,594,10102,400,176,166
6177379231,612,10102,100,181,174
6177379231,614,10102,100,181,178
6621175887,642,10102,200,189,180
6621175887,644,10102,100,189,182
6621175887,646,10102,100,189,183
6621175887,648,10102,100,189,184
6621175887,650,10102,100,189,186
6621175887,652,10102,100,189,187
6621175887,654,10103,200,189,113
6621175887,656,10104,100,189,97
6624362714,660,10000,200,164,190
6729465257,671,10000,100,164,195
6871222305,684,10000,100,172,198
7027175892,703,10100,100,204,200
7027175892,705,10100,100,204,202
7105807514,715,10000,100,185,207
7105807514,717,10000,400,191,207
7279076740,733,10000,100,194,212
7285626554,737,10000,100,196,213
7285626554,739,10000,100,197,213
7285626554,741,10000,500,201,213
7285626554,743,10000,200,210,213
7285626554,745,10000,100,211,213
7292836479,749,9999,100,74,214
7313341258,753,9999,100,74,215
7465231919,763,9999,200,118,217
7592964984,773,10103,100,218,208
7627042816,776,10103,100,219,208
7657221139,781,9999,200,129,221
7869269437,793,9999,100,133,225
7977720768,804,9999,100,133,230
7977720768,806,9999,100,153,230
8346125316,840,10101,200,239,234
8390869399,846,9999,100,224,241
8656341911,872,10101,100,249,238
8656341911,874,10101,200,249,242
8656341911,876,10101,200,249,244
8842515997,893,9999,100,243,252
9384492765,954,10100,100,276,263
9384492765,956,10100,100,276,269
9589106872,970,10100,100,278,269
9589106872,972,10100,200,278,271
9589106872,974,10101,100,278,257
9589106872,976,10101,100,278,266
9619528844,982,10101,100,279,275
9737844901,994,9999,100,261,283
9748226198,999,9999,200,262,284
9853657822,1009,9999,100,264,289
9887069861,1017,9999,100,268,291
10016205253,1027,10100,100,294,288
10383463167,1053,10100,100,302,299
10383463167,1054,10100,100,302,301
10495831126,1065,9999,200,277,305
10667456023,1078,9999,100,287,310
10711160233,1087,9999,100,290,313
11316279977,1119,10101,200,324,321
11371155032,1127,9999,100,311,326
11371155032,1129,9999,100,312,326
11595694130,1145,9999,100,319,331
11671418323,1151,9999,100,322,333
11932008267,1173,9999,100,330,339
12102852511,1193,9998,100,270,344
12102852511,1195,9998,100,297,344
12102852511,1197,9998,100,306,344
12102852511,1199,9998,200,338,344
12150925284,1203,10103,200,345,334
12456024732,1223,9997,100,265,349
12456024732,1225,9997,100,320,349
12515700417,1231,9997,100,346,351
12578199715,1237,9997,100,346,353
12804414119,1261,9997,200,350,361
12907309764,1269,10103,100,363,356
13140666746,1287,10103,100,369,356
13140666746,1289,10103,100,369,358
13158098957,1295,10103,100,370,362
13219439545,1301,10103,500,372,362
13328613275,1311,9997,200,357,376
13328613275,1313,9997,500,360,376
13328613275,1315,9997,100,366,376
13328613275,1317,9997,200,374,376
13411706865,1325,10103,100,378,362
13565349513,1333,10103,100,379,367
13647790796,1343,9995,200,368,382
13647790796,1345,9995,200,377,382
13647790796,1347,9995,100,380,382
13647790796,1349,9994,100,365,382
13647790796,1350,9994,100,381,382
14051446676,1370,10104,500,389,384
14090989999,1375,10105,100,391,340
14090989999,1377,10105,400,391,390
14281652457,1394,10105,100,399,393
14281652457,1396,10105,200,399,396
14281652457,1398,10106,100,399,388
14281652457,1399,10106,100,399,397
14393997306,1413,10000,100,398,404
14393997306,1415,10000,100,402,404
14543753021,1425,9999,100,400,407
14635851562,1431,10100,100,409,403
14714554257,1439,9999,100,400,412
14714554257,1440,9999,100,410,412
14939331588,1456,10000,100,414,418
14939331588,1458,10000,100,415,418
15047087387,1474,10000,100,421,422
15062832626,1478,10000,100,421,423
15233429761,1482,10100,200,424,405
15233429761,1484,10100,500,424,406
15233429761,1486,10100,200,424,408
15233429761,1488,10100,100,424,411
15270832210,1496,10100,100,426,419
15303931922,1499,10100,100,427,420
15422879947,1505,10100,100,429,428
15714611675,1523,10000,100,421,435
15982136208,1545,10000,100,425,444
16117697097,1559,10101,100,448,432
16508951623,1595,10101,200,458,449
16508951623,1597,10101,100,458,451
16508951623,1599,10101,500,458,454
16508951623,1601,10101,200,458,455
16660163230,1613,10102,100,460,438
16823778564,1625,10102,100,463,461
17077391157,1635,10000,100,450,467
17077391157,1637,10000,200,453,467
17077391157,1639,10000,100,456,467
17077391157,1641,10000,100,459,467
17077391157,1643,10000,500,466,467
17440349806,1673,9998,100,452,477
17639519468,1691,10102,200,481,465
18022452247,1715,10102,100,490,476
18152142773,1737,10102,100,498,479
18152142773,1739,10102,200,498,480
18152142773,1741,10102,100,498,482
18152142773,1743,10102,100,498,485
18175767795,1749,9997,100,488,499
18454734206,1769,9997,100,492,505
18454734206,1771,9997,100,493,505
18454734206,1773,9997,100,496,505
18454734206,1775,9997,100,501,505
18454734206,1777,9997,100,503,505
18709935007,1789,10102,200,508,504
18709935007,1791,10103,100,508,464
18709935007,1793,10103,200,508,484
18720223370,1797,10103,100,509,489
18745527492,1801,9996,100,474,510
18745735675,1805,9996,200,483,511
18745735675,1807,9996,100,500,511
18745735675,1809,9996,200,506,511
18807528222,1821,10104,100,514,468
18807528222,1823,10104,100,514,513
18843540559,1829,10104,100,516,513
18914215137,1835,10104,100,518,513
18945319715,1838,10104,200,519,513
19531177278,1871,10000,100,522,532
19672407486,1883,10105,200,535,525
19719446254,1887,10105,100,536,527
19833925398,1893,10105,100,537,530
19833925398,1895,10105,100,537,531
19833925398,1897,10105,200,537,533
19833925398,1898,10106,100,537,526
19989474643,1908,10000,100,523,541
19989474643,1910,10000,200,528,541
19989474643,1912,10000,200,539,541
20102873379,1930,10100,200,546,540
20279091022,1950,9999,100,545,552
20279091022,1952,9999,100,548,552
20466202606,1971,9999,100,549,560
20487894280,1976,9999,100,551,562
20633190440,1986,9999,100,551,568
21308281183,2042,9999,500,572,586
21555831592,2064,10100,200,595,581
21555831592,2066,10100,100,595,584
21555831592,2068,10100,100,595,585
21555831592,2070,10100,100,595,588
21741981107,2094,9999,200,583,603
21980438638,2124,10100,100,615,598
21980438638,2126,10100,100,615,604
21980438638,2128,10100,100,615,607
21980438638,2130,10100,200,615,612
21980438638,2132,10100,200,615,613
21980438638,2134,10101,200,615,582
21980438638,2136,10101,100,615,600
22211237479,2162,10102,100,621,619
22211237479,2163,10103,100,621,618
22395237763,2171,10100,100,625,623
22505628442,2183,10100,100,630,627
22627419619,2195,9999,100,593,634
22675994047,2200,10100,200,636,632
22850306763,2219,10100,200,644,641
22967172733,2243,9999,200,605,652
23150229146,2254,9999,100,608,655
23150229146,2256,9999,100,609,655
23150229146,2258,9999,300,610,655
23223207857,2266,9999,200,610,658
23223207857,2268,9999,100,614,658
23223207857,2270,9999,100,616,658
23223207857,2272,9999,100,620,658
23310748147,2279,9999,500,620,660
23318242780,2282,9999,200,620,661
23498375723,2303,10100,100,669,662
23534200297,2309,9999,100,628,671
23543318734,2313,9999,100,629,672
23543318734,2315,9999,100,631,672
23751684199,2327,10100,100,676,662
23751684199,2329,10100,100,676,663
24180505670,2359,10100,100,684,677
24180505670,2361,10100,100,684,679
24199378141,2367,9999,100,645,685
24270421349,2373,9999,400,645,686
24270421349,2375,9999,100,646,686
24397865994,2381,10101,100,688,666
24397865994,2383,10101,100,688,675
24397865994,2385,10101,300,688,683
24429054599,2393,10101,100,689,687
24510561329,2401,10101,100,692,687
24510561329,2403,10101,100,692,690
24630211331,2413,9999,100,659,694
24850854019,2441,10101,100,705,691
24885657803,2449,10101,100,708,691
24885657803,2451,10101,100,708,695
25075836660,2463,10101,500,710,706
25131682473,2473,10101,500,712,709
25239548638,2483,10101,100,716,709
25486804535,2501,9999,100,693,722
25652206215,2519,9999,200,698,727
25705991264,2523,10101,100,728,711
25705991264,2525,10101,100,728,718
26003376362,2551,10102,100,735,697
26003376362,2553,10102,100,735,702
26003376362,2555,10102,100,735,714
26003376362,2557,10102,100,735,717
26003376362,2559,10102,100,735,726
26176710304,2577,9999,100,704,743
26286554737,2585,9999,100,715,744
26606001370,2609,10104,100,750,740
26611572577,2617,10104,100,753,740
27003684180,2651,9999,100,731,762
27189478003,2671,10104,100,768,763
27189478003,2673,10104,100,768,766
27428271369,2695,10104,100,776,766
27718515232,2725,9999,200,749,783
28062858824,2757,10104,100,793,780
28062858824,2759,10104,100,793,781
28644070816,2801,9999,100,760,805
28644070816,2803,9999,100,767,805
28802535352,2821,10105,100,809,798
28802535352,2823,10105,100,809,803
28876918224,2831,9999,200,771,810
29376537166,2873,10101,100,823,819
29407008566,2881,9999,200,775,826
29548642755,2891,10101,200,830,820
29548642755,2893,10101,200,830,821
29548642755,2895,10101,100,830,822
29632574404,2906,9999,100,787,832
29869467226,2926,9999,100,796,839
29869467226,2928,9999,100,797,839
30295825794,2951,10100,100,849,845
30343772606,2957,9999,100,804,851
30343772606,2959,9999,400,807,851
30553064630,2975,9999,100,815,855
30580541719,2981,10100,100,856,852
30580541719,2983,10100,100,856,854
30580541719,2985,10101,300,856,853
30836871812,2995,9999,100,824,860
30841580679,2999,10101,100,861,853
30974074890,3011,9999,100,827,864
31192938407,3023,9999,100,836,866
31432059225,3036,9999,200,838,870
32071297971,3076,9999,100,859,888
32071297971,3078,9999,100,865,888
32224200948,3086,10100,100,890,875
32224200948,3088,10100,500,890,877
32224200948,3090,10100,200,890,878
32224200948,3092,10100,100,890,884
32224200948,3094,10100,100,890,886
32643338233,3126,10100,200,903,901
33044614291,3139,10101,100,908,905
33047634608,3143,9999,100,871,909
33047634608,3145,9999,100,876,909
33238457784,3162,10100,100,913,911
33238457784,3163,10100,200,913,912
33397315862,3170,9999,100,885,916
33592702710,3192,9999,100,894,924
33645215281,3198,9999,100,896,925
33921813609,3218,9999,100,904,931
34083876063,3236,10100,100,937,919
34083876063,3238,10100,400,937,920
34086579752,3242,10100,100,938,920
34134562104,3252,9999,100,907,940
34220028002,3270,10100,100,947,930
34220028002,3272,10100,100,947,934
34220028002,3274,10100,100,947,936
34220028002,3276,10100,100,947,939
34220028002,3278,10100,100,947,941
34325978962,3288,10100,100,949,944
34325978962,3290,10100,100,949,945
34325978962,3292,10100,100,949,948
34325978962,3294,10101,100,949,921
34325978962,3296,10101,100,949,928
34476013770,3308,9999,100,918,952
34596638090,3328,10101,100,958,932
34596638090,3330,10101,100,958,933
35280967911,3382,10101,100,973,954
35301015959,3388,10101,100,975,959
35320971528,3392,9999,100,963,976
35320971528,3394,9999,200,964,976
35320971528,3396,9999,200,969,976
35388533132,3406,10101,100,978,962
35443995153,3410,9999,100,974,979
35443995153,3412,9999,100,977,979
35443995153,3414,9998,100,534,979
35443995153,3416,9998,200,557,979
35745676690,3434,9998,500,580,985
35914841179,3448,9998,100,703,988
35914841179,3450,9998,100,713,988
36080041938,3462,10101,100,990,967
36080041938,3464,10101,400,990,971
36135673849,3470,10101,100,992,971
36163239558,3476,10101,100,994,972
36269428050,3488,10101,200,999,984
36523459641,3518,9998,100,835,1007
36523459641,3520,9998,200,850,1007
36523459641,3522,9998,200,858,1007
37603114606,3612,9998,200,980,1035
37692114146,3618,10102,200,1037,1014
37842456451,3634,9998,100,993,1040
38028042321,3646,10102,100,1044,1024
38033002042,3650,10102,100,1045,1027
38333705264,3678,10102,200,1053,1029
38492620681,3700,10102,200,1059,1038
38576675690,3706,9998,200,1004,1060
38576675690,3708,9998,100,1008,1060
38576675690,3710,9998,200,1019,1060
38716921993,3734,10102,100,1067,1051
38716921993,3736,10102,100,1067,1054
38779803638,3740,9998,100,1023,1068
38972991828,3756,10102,100,1072,1063
39462011495,3796,10102,100,1084,1066
39621501125,3808,9998,100,1049,1086
39621501125,3810,9998,100,1050,1086
39621720772,3814,9998,100,1050,1087
39621720772,3816,9998,100,1052,1087
39844858630,3836,9998,100,1055,1095
39844858630,3838,9998,100,1056,1095
40050429061,3852,10102,100,1100,1069
40050429061,3854,10102,100,1100,1070
40157730631,3866,10102,100,1104,1073
40157730631,3868,10102,100,1104,1077
40249652151,3874,10102,400,1106,1077
40249652151,3876,10102,100,1106,1079
40497251257,3896,9998,200,1062,1114
40497251257,3898,9998,200,1074,1114
40497251257,3900,9998,100,1075,1114
40671782209,3922,10102,100,1122,1082
40776154160,3934,10102,100,1126,1082
40892085881,3950,9998,100,1085,1132
40906246881,3956,10102,100,1134,1083
40906246881,3958,10102,200,1134,1092
40906246881,3960,10102,100,1134,1094
40906246881,3962,10102,100,1134,1096
40970450896,3968,10102,200,1136,1101
40970450896,3970,10102,100,1136,1109
40970450896,3972,10102,100,1136,1111
40970450896,3974,10102,100,1136,1124
40987880458,3978,9998,200,1085,1137
41129857019,3992,9998,100,1085,1142
41315943954,4010,9998,100,1085,1148
41442493025,4018,9998,100,1085,1151
41519478960,4026,9998,100,1085,1152
41671645831,4044,10102,100,1158,1143
41671645831,4046,10102,100,1158,1145
41671645831,4048,10102,100,1158,1147
41671645831,4050,10102,200,1158,1150
41671786993,4054,10102,300,1159,1150
41671786993,4056,10102,100,1159,1154
41671786993,4058,10103,100,1159,1006
42005437269,4082,10103,100,1164,1016
42104351967,4086,10103,200,1165,1026
42191038008,4092,10103,300,1167,1026
42191038008,4094,10103,100,1167,1115
42191038008,4096,10103,100,1167,1117
42191038008,4098,10103,500,1167,1120
42305821973,4120,10103,200,1172,1166
42386382899,4130,9998,200,1102,1175
42600858157,4156,10103,100,1182,1170
42683715847,4164,9998,100,1110,1184
42683715847,4166,9998,100,1112,1184
43247479557,4188,9998,100,1113,1193
43322012305,4198,10103,100,1196,1177
43360820883,4214,9998,100,1118,1201
43360820883,4216,9998,500,1119,1201
43360820883,4218,9998,200,1123,1201
43360820883,4220,9998,200,1127,1201
43364872443,4224,10103,100,1202,1180
43434665570,4230,9998,200,1130,1203
43662339576,4242,9998,200,1139,1207
43680441587,4248,10103,100,1209,1191
44092234438,4286,10103,100,1221,1214
44092234438,4288,10103,200,1221,1215
44092234438,4290,10103,200,1221,1218
44100346357,4294,10104,200,1222,1028
44441136675,4326,10105,100,1230,1121
44670152582,4358,9998,200,1176,1237
44809356640,4380,9998,100,1178,1245
44911603804,4388,10106,100,1246,1238
44911603804,4390,10107,100,1246,1240
44943984788,4398,10107,100,1249,1240
45118040481,4412,10107,200,1253,1247
45356480984,4436,10107,100,1259,1251
45356480984,4438,10107,400,1259,1254
45369871675,4444,9998,100,1187,1260
45490696804,4452,9998,200,1190,1262
45490696804,4454,9998,200,1192,1262
45490696804,4456,9998,100,1194,1262
45530275433,4466,10107,100,1265,1255
46285763363,4524,9998,200,1212,1285
46492470181,4544,10107,500,1291,1269
46661518001,4552,9998,200,1220,1293
46749082686,4566,10107,100,1297,1289
47024297442,4588,9998,100,1229,1305
47185847259,4600,9998,100,1231,1309
47376848452,4620,10107,100,1314,1295
47376848452,4622,10107,100,1314,1296
47431270363,4626,10107,100,1315,1296
47431270363,4628,10107,100,1315,1299
47594847592,4640,10107,100,1318,1301
47594847592,4642,10107,100,1318,1304
47650036737,4646,10107,100,1319,1304
47650036737,4648,10107,200,1319,1316
47650036737,4650,10107,200,1319,1317
47679649083,4658,9998,100,1235,1322
47759249821,4666,9998,200,1239,1325
47980668140,4682,10107,100,1330,1324
47980668140,4684,10107,100,1330,1326
47980668140,4686,10107,100,1330,1328
47980668140,4688,10108,100,1330,1250
47980668140,4690,10108,200,1330,1252
47980668140,4692,10108,200,1330,1267
47980668140,4694,10108,100,1330,1270
47980668140,4696,10108,100,1330,1277
48505657181,4740,9998,100,1264,1345
48591090024,4750,10108,100,1346,1306
48591090024,4752,10108,200,1346,1308
48591090024,4754,10108,200,1346,1333
48591090024,4756,10108,100,1346,1335
48591090024,4758,10108,100,1346,1336
48591090024,4760,10108,100,1346,1338
48591090024,4762,10109,200,1346,1337
48594068520,4766,9998,100,1272,1347
48619111820,4774,9998,200,1273,1349
48657975437,4780,9998,200,1275,1350
48699406593,4784,9998,200,1276,1351
48775647552,4790,9998,200,1276,1352
49131400491,4834,9998,100,1302,1366
49131400491,4836,9998,100,1303,1366
49131400491,4838,9998,100,1307,1366
49131400491,4840,9998,200,1311,1366
49131400491,4842,9998,200,1312,1366
49131400491,4844,9998,200,1313,1366
49131400491,4846,9998,100,1321,1366
49208075685,4852,10110,100,1368,1284
49208075685,4854,10110,100,1368,1359
49301631928,4868,10115,200,1372,1361
49301631928,4869,10115,100,1372,1370
49397275858,4879,9998,400,1321,1377
49397275858,4881,9998,100,1327,1377
49643727891,4902,9998,100,1332,1385
49643727891,4904,9998,100,1334,1385
49826334901,4916,9998,100,1341,1389
50368816692,4970,10100,100,1406,1390
50804075034,5012,9998,200,1365,1417
51066605915,5032,10100,200,1425,1398
52041663798,5092,10100,100,1441,1414
52501055168,5122,9998,200,1386,1448
52501055168,5124,9998,100,1392,1448
52501055168,5126,9998,100,1399,1448
52501055168,5128,9998,100,1400,1448
52517265644,5132,10100,100,1449,1427
52517265644,5134,10100,100,1449,1429
52594285949,5144,9998,100,1403,1452
53092667726,5184,9998,100,1428,1462
53195395429,5200,9998,100,1434,1467
53328570382,5216,10100,200,1473,1459
53328570382,5218,10100,100,1473,1461
53328570382,5220,10100,100,1473,1464
53328570382,5222,10101,100,1473,1382
53341049601,5226,9998,100,1434,1474
53381450608,5234,10101,100,1477,1422
53772844260,5282,10101,100,1493,1479
53772844260,5284,10101,100,1493,1480
53836175525,5290,9998,100,1439,1494
54499343814,5340,9998,100,1457,1506
54582985382,5346,10101,200,1508,1489
54705189203,5358,10101,100,1511,1490
54705189203,5360,10101,200,1511,1491
54705189203,5362,10101,200,1511,1492
54707553799,5366,9998,100,1460,1512
54823729849,5378,9998,100,1465,1515
54893303443,5382,10101,100,1516,1495
54893303443,5384,10101,100,1516,1496
54980218390,5396,9998,100,1468,1520
55041386965,5402,10101,100,1522,1496
55041386965,5404,10101,100,1522,1505
55041386965,5406,10101,100,1522,1510
55041386965,5408,10101,200,1522,1514
55171486959,5426,10101,200,1528,1524
55514890834,5452,9998,200,1478,1535
55514890834,5454,9998,100,1482,1535
55514890834,5456,9998,200,1497,1535
55806273731,5468,9998,100,1499,1539
55825794144,5472,9998,200,1500,1540
56073702033,5490,10101,100,1546,1533
56790589917,5546,9998,100,1519,1563
56795432429,5552,10101,200,1564,1545
56913050220,5562,10101,100,1566,1548
57421199735,5588,9998,100,1553,1573
57579173957,5602,9998,100,1555,1577
57579173957,5604,9998,100,1557,1577
57605742087,5608,9998,100,1557,1578
57667404104,5614,9998,100,1559,1580
57667404104,5616,9998,100,1561,1580
57734464284,5626,9998,1000,1562,1583
57941951189,5648,10101,200,1588,1556
57941951189,5650,10101,200,1588,1558
57941951189,5652,10101,100,1588,1560
57983626042,5658,9998,100,1582,1590
58051720763,5668,9997,100,597,1594
58189727943,5686,9997,100,892,1598
58253117923,5694,9997,100,892,1601
58353532352,5702,10101,100,1604,1568
58670344478,5730,10101,200,1613,1570
58739072629,5736,9997,500,1036,1614
58781750889,5740,9997,100,1036,1615
59173727242,5768,10101,100,1625,1572
59533714150,5804,9997,100,1199,1635
59713461843,5824,10101,200,1641,1597
59748724375,5828,10101,500,1642,1605
59955305708,5850,9997,100,1271,1649
60023520445,5856,9997,100,1271,1650
60056142611,5862,10101,100,1651,1616
60284166399,5892,9997,100,1356,1659
60284166399,5894,9997,100,1391,1659
60284166399,5896,9997,300,1410,1659
60319325490,5900,10101,100,1660,1624
60396967337,5906,10101,100,1662,1624
60653688939,5928,9997,100,1419,1669
60653688939,5930,9997,100,1450,1669
60684327940,5934,9997,100,1450,1670
60684327940,5936,9997,100,1472,1670
60691489947,5942,10101,200,1671,1630
60782785889,5950,10101,100,1673,1636
60782785889,5952,10101,100,1673,1638
60817289511,5958,9997,100,1504,1675
60817289511,5960,9997,200,1507,1675
60817289511,5962,9997,200,1551,1675
60847754658,5968,9997,300,1551,1677
60847754658,5970,9997,200,1581,1677
60847754658,5972,9997,500,1585,1677
60992912393,5988,10101,100,1681,1640
61167888722,6020,9997,100,1596,1692
62294404827,6102,9997,100,1634,1715
62906745044,6140,10101,100,1727,1695
62941979041,6144,10101,100,1728,1698
63049791606,6154,9997,200,1663,1730
63104648265,6162,9997,100,1678,1731
63225289424,6172,10101,200,1733,1709
63260293618,6184,9997,200,1682,1734
63260293618,6186,9997,200,1683,1734
63260293618,6188,9997,200,1685,1734
63260293618,6190,9997,200,1686,1734
63260293618,6192,9997,200,1687,1734
63375489725,6204,10101,100,1738,1726
63419363625,6212,9997,100,1690,1740
63419363625,6214,9997,200,1693,1740
63419363625,6216,9997,100,1696,1740
63419363625,6218,9997,100,1697,1740
63589481458,6234,10102,200,1742,1418
63839273812,6260,10102,100,1750,1518
63839273812,6262,10102,100,1750,1527
64319129476,6296,10102,100,1762,1579
64482671380,6314,9997,100,1721,1764
65015998048,6352,9997,200,1739,1774
65205333809,6362,9997,100,1741,1777
65502749713,6380,10102,200,1782,1747
65546514539,6384,9997,100,1749,1783
65812634474,6408,9997,100,1752,1788
66420978483,6448,9997,100,1757,1802
66420978483,6450,9997,100,1758,1802
66460503398,6458,10102,200,1804,1779
66596324193,6470,9997,200,1761,1809
66697661182,6482,10102,100,1812,1785
66697661182,6484,10102,100,1812,1786
67115863691,6520,9997,200,1772,1823
67235406004,6530,10102,100,1827,1793
67349390992,6544,9997,100,1778,1830
67384715226,6550,10102,100,1832,1794
67677239185,6588,9997,200,1799,1841
67981449944,6606,10102,100,1848,1805
67981449944,6608,10102,100,1848,1806
67991526287,6612,10102,100,1849,1806
67991526287,6614,10102,100,1849,1807
68161095498,6628,10102,200,1853,1811
68193394797,6636,9997,100,1822,1855
68193394797,6638,9997,100,1825,1855
68193394797,6640,9997,200,1828,1855
68193394797,6642,9997,100,1834,1855
68327663123,6658,10102,100,1860,1813
68327663123,6660,10102,200,1860,1817
68327663123,6662,10102,100,1860,1818
68327663123,6664,10102,100,1860,1819
68536543906,6694,9997,100,1839,1871
68624210505,6706,10102,500,1875,1829
68813255016,6720,9997,100,1846,1878
69189086774,6744,10102,100,1885,1842
69205069324,6748,10102,100,1886,1842
69243429027,6756,10102,200,1888,1842
69371679740,6768,10102,100,1891,1843
69371679740,6770,10102,100,1891,1847
69455864531,6778,9997,100,1870,1893
69455864531,6780,9997,100,1876,1893
69467438140,6788,10102,100,1895,1847
69477239955,6792,10102,200,1896,1847
69645146374,6806,10102,100,1901,1847
69712241174,6814,10102,100,1904,1850
70020401149,6838,9997,200,1881,1915
70263252285,6862,9997,100,1906,1921
70383305569,6870,10102,200,1923,1856
70383965952,6874,9997,100,1906,1924
70471511519,6890,10102,100,1927,1862
70471511519,6892,10102,100,1927,1863
70812845718,6920,9997,100,1913,1938
70827598184,6926,9997,100,1913,1939
70827598184,6928,9997,100,1914,1939
70827598184,6930,9997,200,1916,1939
70827598184,6932,9997,100,1920,1939
71359417792,6976,9997,100,1925,1956
71359417792,6978,9997,100,1935,1956
71359417792,6980,9997,300,1944,1956
71506990370,6994,9997,100,1948,1959
71546817483,6998,9997,200,1948,1960
71667317183,7004,10102,100,1961,1889
71806918498,7024,9997,100,1953,1966
71949063841,7032,10102,100,1968,1900
71949063841,7034,10102,100,1968,1903
72162458225,7052,9997,100,1957,1973
72306852470,7062,9997,100,1962,1977
72342913467,7068,10102,100,1979,1909
72342913467,7070,10102,100,1979,1911
72456375518,7082,9997,100,1972,1983
72479719493,7088,10102,200,1985,1917
72549311867,7094,10102,100,1986,1917
72559428422,7098,9997,100,1975,1987
72605402554,7104,10102,200,1988,1917
72605402554,7106,10102,100,1988,1919
72605402554,7108,10102,200,1988,1926
72605402554,7110,10102,100,1988,1928
72605402554,7112,10102,100,1988,1929
72605402554,7114,10102,300,1988,1931
72664882604,7120,9997,100,1984,1990
72916503411,7140,9997,100,1984,1996
72926917085,7144,9997,200,1984,1997
73028305156,7152,10102,200,2000,1937
73050303639,7158,10102,100,2001,1941
73050303639,7160,10102,500,2001,1943
73050303639,7162,10102,400,2001,1946
73144814543,7166,10102,100,2002,1946
73218158298,7180,10102,100,2007,1950
73218158298,7182,10102,900,2007,1951
73387123417,7208,10102,100,2016,1952
73672115060,7234,10102,100,2023,1963
73860344949,7242,10102,400,2026,1963
73860344949,7244,10102,100,2026,1964
73887473184,7252,10102,100,2028,1967
73965220452,7262,9997,100,2011,2030
74133425049,7278,10102,200,2035,1969
74597100792,7322,10102,100,2049,1976
74741219704,7336,9997,100,2038,2055
74741219704,7338,9997,100,2042,2055
74743734171,7344,10102,100,2056,1980
74743734171,7346,10102,100,2056,1981
74889395658,7360,10102,100,2060,1992
74889395658,7362,10102,100,2060,1993
74889395658,7364,10102,100,2060,1994
74889395658,7366,10102,200,2060,1998
74927670618,7372,9997,100,2047,2061
75035666629,7386,9997,100,2050,2066
75057730199,7390,10102,100,2067,2005
75106521749,7394,9997,100,2050,2068
75106521749,7396,9997,200,2051,2068
75106521749,7398,9997,100,2052,2068
75106521749,7400,9997,100,2057,2068
75106749872,7404,9997,100,2064,2069
75251393862,7424,10102,200,2075,2010
75393136851,7444,10102,100,2081,2017
75393136851,7446,10102,100,2081,2019
75421798146,7450,9996,1000,1241,2082
75507803429,7466,10102,100,2087,2021
75858755503,7500,10102,200,2097,2027
75976048037,7510,10102,100,2100,2027
76009547214,7514,10102,100,2101,2027
76073158174,7524,9996,100,1607,2104
76081505903,7528,9996,100,1607,2105
76743930287,7578,10102,200,2117,2044
76749319401,7586,10102,200,2120,2045
76751756135,7590,9996,100,1720,2121
76840145131,7606,9996,100,1771,2125
76840145131,7608,9996,100,1820,2125
77263582376,7632,9996,200,1908,2130
77263582376,7634,9996,300,1995,2130
77466344036,7648,9996,200,1995,2134
77506101390,7652,10102,100,2135,2058
77984756973,7688,10102,100,2147,2074
78045804103,7694,10102,100,2148,2077
78045804103,7696,10102,400,2148,2078
78118550035,7702,9996,100,2034,2150
78143434111,7708,10102,100,2151,2078
78585376097,7734,10102,100,2158,2086
78833361931,7750,10102,100,2162,2088
78843117196,7754,9996,200,2102,2163
79082380841,7778,9996,100,2106,2171
79412353777,7810,9996,200,2114,2183
79412353777,7812,9996,300,2115,2183
79502237603,7824,10102,100,2188,2092
79503511676,7828,9996,100,2115,2189
79607476817,7834,9996,200,2115,2191
79670673635,7842,10102,100,2194,2094
79670673635,7844,10102,100,2194,2096
79686662629,7848,10102,100,2195,2096
79770233555,7858,9996,100,2115,2199
79908178886,7874,9996,100,2118,2204
80175475982,7900,9996,100,2128,2211
80213298024,7904,9996,100,2132,2212
80517362324,7932,10102,100,2218,2124
80517362324,7934,10102,100,2218,2127
80517362324,7936,10102,300,2218,2129
80701023439,7958,9996,200,2160,2224
80701023439,7960,9996,300,2161,2224
80776410921,7964,10102,100,2225,2139
80776410921,7966,10102,100,2225,2141
80862938583,7972,9996,100,2164,2226
80862938583,7974,9996,100,2166,2226
80893275867,7982,10102,100,2228,2143
81183329115,8000,9996,100,2178,2233
81211389513,8008,9996,100,2178,2235
81271362891,8014,10102,100,2236,2152
81271362891,8016,10102,100,2236,2153
81371675720,8026,10102,200,2238,2155
81371675720,8028,10102,100,2238,2156
81371675720,8030,10102,100,2238,2157
81371675720,8032,10102,100,2238,2159
81915654602,8076,9996,100,2190,2254
82043049239,8102,9996,100,2200,2263
82847033257,8168,9996,100,2213,2284
82950975995,8182,10102,100,2288,2202
83036528209,8186,10102,200,2289,2206
83155039727,8194,9996,100,2216,2291
83155039727,8196,9996,100,2217,2291
83215478306,8208,10102,100,2295,2207
83249217268,8216,10102,200,2298,2220
83249217268,8218,10102,100,2298,2221
83249217268,8220,10102,200,2298,2222
83730135752,8254,10102,100,2309,2244
83800153397,8266,10102,100,2312,2246
84444207712,8316,9996,200,2256,2323
84770999121,8352,9996,500,2275,2332
84780414908,8356,9996,100,2283,2333
84978834417,8374,10102,100,2338,2276
85079466070,8388,9996,100,2285,2344
85326541652,8408,10102,100,2349,2280
85684874218,8432,9996,200,2300,2355
85942617932,8454,10102,100,2360,2302
85963365028,8460,10102,100,2361,2310
85963365028,8462,10102,100,2361,2314
86058705522,8472,9996,200,2305,2365
86174148872,8482,10102,100,2367,2321
86224449085,8492,9996,200,2305,2371
86280811357,8496,10102,100,2372,2321
86298882234,8502,10102,100,2374,2321
86691016973,8530,10102,200,2384,2321
87316057979,8580,9996,100,2319,2399
87316057979,8582,9996,200,2322,2399
87316057979,8584,9996,100,2324,2399
87316057979,8586,9996,100,2325,2399
87745149398,8610,10102,200,2406,2350
87745149398,8612,10102,100,2406,2351
87745149398,8614,10102,200,2406,2354
87776695545,8618,9996,100,2327,2407
87808280845,8622,9996,200,2327,2408
87832226808,8626,9996,100,2327,2409
87963753437,8638,10102,100,2414,2357
88011814478,8644,10102,100,2416,2359
88104303249,8652,9996,500,2327,2419
88341657604,8676,9996,200,2337,2423
88341657604,8678,9996,300,2341,2423
88604815557,8700,10102,100,2425,2383
88613270854,8704,9996,100,2358,2426
88653383563,8710,9996,100,2362,2427
88781386028,8722,10102,100,2430,2388
89039297135,8740,10102,100,2433,2389
89759123401,8794,9996,100,2396,2445
89936661612,8812,10102,100,2452,2411
90077314966,8834,10102,100,2461,2413
90224999488,8842,10102,100,2464,2413
90667681472,8880,10102,100,2478,2415
90728949438,8886,10102,200,2479,2417
90728949438,8888,10102,100,2479,2418
90728949438,8890,10102,100,2479,2422
90728949438,8892,10102,100,2479,2424
90972649342,8908,9996,100,2420,2484
91132246499,8926,9996,100,2437,2489
91192856622,8940,10102,100,2493,2429
91192856622,8942,10102,100,2493,2435
91192856622,8944,10102,100,2493,2438
91192856622,8946,10102,100,2493,2439
91192856622,8948,10102,100,2493,2440
91287809098,8956,9996,100,2453,2496
91346517396,8962,10102,100,2497,2446
91346517396,8964,10102,100,2497,2448
91346517396,8966,10102,200,2497,2449
91346517396,8968,10102,100,2497,2450
91358394481,8974,9996,100,2455,2498
91514526481,8986,9996,100,2455,2502
91727766745,8996,9996,100,2458,2504
91727766745,8998,9996,100,2459,2504
91763336966,9002,10102,100,2505,2466
91795816167,9014,10102,100,2508,2467
91795816167,9016,10102,400,2508,2472
91882708076,9024,10102,100,2510,2472
91946455599,9030,9996,100,2468,2511
92127229254,9042,10102,500,2516,2474
92326899031,9056,10102,500,2520,2476
92368956920,9062,9996,200,2470,2521
92368956920,9064,9996,100,2471,2521
92368956920,9066,9996,100,2477,2521
92368956920,9068,9996,100,2481,2521
92368956920,9070,9996,200,2482,2521
92368956920,9072,9996,100,2491,2521
92368956920,9074,9996,100,2494,2521
92368956920,9076,9996,100,2495,2521
92375286781,9080,10102,100,2522,2483
92375286781,9082,10102,100,2522,2485
92375286781,9084,10102,100,2522,2487
92375286781,9086,10102,100,2522,2488
92375286781,9088,10102,100,2522,2492
92430234687,9096,10102,500,2524,2512
92462774296,9106,10102,100,2527,2515
92462774296,9108,10103,200,2527,1485
92462774296,9110,10103,100,2527,1600
92462774296,9112,10103,100,2527,1623
92515978974,9116,9996,100,2495,2528
92778967732,9148,9996,100,2501,2536
93044137986,9170,9996,200,2507,2544
93176799275,9186,9996,200,2509,2550
93176799275,9188,9996,300,2513,2550
93381871373,9208,10103,100,2557,1789
93469727728,9226,10103,100,2561,1810
93469727728,9228,10103,100,2561,1833
93729024909,9250,9996,200,2526,2570
93940176141,9266,10103,100,2576,1865
93979681542,9274,10103,100,2578,1892
94034789074,9282,9996,100,2532,2580
94091333014,9286,9996,100,2532,2581
94135349733,9294,9996,200,2535,2582
94135349733,9296,9996,100,2537,2582
94135349733,9298,9996,200,2540,2582
94136631868,9302,10103,100,2583,1930
94177672547,9308,10103,100,2585,1930
94436399898,9330,10103,100,2591,1932
94755820566,9356,10103,200,2599,1958
94755820566,9358,10103,200,2599,1970
94755820566,9360,10103,500,2599,1978
94755820566,9362,10103,100,2599,2015
94912059087,9382,10103,100,2605,2018
94935508769,9390,9996,200,2553,2608
94954563403,9394,10103,100,2609,2040
95096955017,9416,10103,100,2616,2136
95096955017,9418,10103,100,2616,2169
95096955017,9420,10103,100,2616,2172
95096955017,9422,10103,100,2616,2173
95096955017,9424,10103,100,2616,2214
95101781350,9428,10103,100,2617,2227
95360329915,9452,9996,100,2556,2624
95373806712,9456,9996,500,2556,2625
95374252608,9460,9996,200,2556,2626
95593366794,9474,10103,500,2630,2277
95768173037,9486,9996,100,2563,2632
95784404673,9490,9996,100,2565,2633
95952566926,9502,10103,200,2637,2318
95952566926,9504,10103,500,2637,2345
95952566926,9506,10103,100,2637,2368
95952566926,9508,10103,200,2637,2403
96081420004,9518,9996,100,2567,2640
96081420004,9520,9996,100,2568,2640
96081420004,9522,9996,300,2572,2640
96225452322,9540,9996,200,2572,2647
96225452322,9542,9996,100,2579,2647
96225452322,9544,9996,200,2584,2647
96238363038,9552,10103,200,2648,2442
96466800870,9574,10103,100,2652,2517
96563186160,9592,9996,200,2615,2654
96993517975,9626,10103,100,2662,2566
97761423184,9678,9996,100,2650,2678
97761423184,9680,9996,100,2655,2678
97864365186,9694,10103,100,2682,2577
97864365186,9696,10103,100,2682,2586
97864365186,9698,10103,300,2682,2589
98086715972,9720,10103,200,2689,2589
98088473617,9724,9996,100,2669,2690
98325314674,9746,10103,100,2695,2594
98443351327,9758,9996,100,2683,2699
98530103503,9768,9996,100,2685,2702
98725580272,9784,9996,100,2687,2707
98766191014,9794,10103,100,2711,2597
98766191014,9796,10103,100,2711,2598
98842874652,9804,10103,100,2712,2601
98842874652,9806,10103,100,2712,2603
99247628878,9836,9996,200,2694,2723
99709022643,9872,10103,200,2731,2619
100038458676,9904,9996,100,2721,2742
100090868850,9908,9996,100,2722,2743
100212352262,9918,9996,100,2726,2747
100212352262,9920,9996,100,2728,2747
100554528598,9946,10103,100,2755,2635
100648899360,9956,9996,100,2737,2758
100748768155,9968,10103,100,2762,2642
100866581019,9988,10103,100,2768,2644
100866581019,9990,10103,100,2768,2649
100907376288,10000,10103,100,2771,2653
101092150529,10014,10103,100,2776,2653
101092150529,10016,10103,100,2776,2656
101258768777,10034,10103,100,2780,2658
101258768777,10036,10103,100,2780,2661
101494503315,10058,9996,200,2770,2787
101494503315,10060,9996,100,2774,2787
101494503315,10062,9996,500,2775,2787
101494503315,10064,9996,200,2777,2787
101568191307,10070,9996,200,2777,2789
101880722695,10096,10103,100,2795,2677
102208154129,10126,10103,100,2805,2679
102208154129,10128,10103,100,2805,2684
102208154129,10130,10103,100,2805,2686
102208154129,10132,10103,200,2805,2693
102323743028,10152,9996,100,2798,2812
102374047994,10156,9996,100,2801,2813
102690829480,10180,10103,200,2823,2704
102726883214,10186,9996,100,2806,2825
102819897545,10200,9996,100,2810,2830
102891212649,10206,10103,200,2831,2709
102891212649,10208,10103,100,2831,2714
102891212649,10210,10103,100,2831,2716
102891212649,10212,10103,100,2831,2718
103000500510,10224,9996,100,2818,2834
103000500510,10226,9996,100,2832,2834
103064297306,10232,10103,100,2836,2719
103420130577,10258,9995,100,1348,2843
103444386063,10266,9995,100,1530,2845
103758742102,10304,9995,100,2095,2857
103758742102,10306,9995,200,2103,2857
103758742102,10308,9995,100,2111,2857
103758742102,10310,9995,100,2144,2857
103778728942,10314,9995,100,2144,2858
103809379523,10318,10103,100,2859,2732
104374203423,10378,10103,100,2879,2748
104814090560,10418,9995,100,2239,2892
105056812653,10444,9995,200,2262,2897
105400863731,10476,10103,100,2903,2800
105400863731,10478,10103,200,2903,2802
105400863731,10480,10103,100,2903,2807
105400863731,10482,10103,100,2903,2808
105454412831,10492,10103,100,2906,2808
105499952739,10502,10103,100,2909,2811
105499952739,10504,10103,100,2909,2817
105639427497,10516,9995,100,2353,2913
105652832532,10522,9995,200,2356,2915
105815638294,10534,9995,100,2356,2920
106064678738,10566,10103,100,2927,2822
107109869596,10646,10103,100,2947,2873
107262349317,10662,10103,200,2952,2884
107484182675,10690,10103,100,2959,2902
107484182675,10692,10103,100,2959,2904
107570386384,10700,9995,100,2786,2960
107697787149,10706,9995,100,2786,2962
107715290720,10712,9995,100,2786,2964
108018384037,10742,9995,100,2829,2974
108032435761,10746,9995,100,2829,2975
108032435761,10748,9995,400,2840,2975
108366905461,10794,9995,100,2850,2990
108398692723,10802,9995,100,2850,2992
108432892491,10808,9995,200,2852,2994
108632352579,10830,10103,200,3002,2934
108642514162,10838,9995,100,2853,3005
108642514162,10840,9995,100,2855,3005
108811846076,10858,10103,100,3009,2940
108978962230,10878,10103,100,3015,2941
109231613412,10896,9995,500,2871,3020
109326588997,10912,9995,100,2880,3024
109326588997,10914,9995,100,2882,3024
109468397351,10920,10103,100,3026,2945
109468397351,10922,10103,100,3026,2949
109826511929,10952,10103,200,3033,2970
109826511929,10954,10103,100,3033,2976
109826511929,10956,10103,100,3033,2981
109826511929,10958,10103,100,3033,2985
110111242275,10986,9995,100,2889,3043
110208012023,10996,9995,200,2893,3045
110235466870,11002,9995,100,2896,3046
110875387939,11056,10103,200,3061,2993
110875387939,11058,10103,100,3061,2996
110875387939,11060,10103,200,3061,2998
110984861060,11068,9995,100,2922,3064
110984861060,11070,9995,100,2923,3064
111113644278,11080,9995,100,2930,3065
111146010517,11084,9995,100,2930,3066
111146010517,11086,9995,100,2935,3066
111216737036,11094,10103,100,3068,2999
111570776216,11120,10103,100,3077,3007
111570776216,11122,10103,100,3077,3008
111570776216,11124,10103,200,3077,3011
111570776216,11126,10103,100,3077,3013
111570776216,11128,10103,100,3077,3016
111570776216,11130,10103,100,3077,3023
111570776216,11132,10103,100,3077,3030
111570776216,11134,10103,100,3077,3031
111570776216,11136,10103,100,3077,3035
112117540825,11178,10103,100,3090,3051
112117540825,11180,10103,100,3090,3055
112117540825,11182,10103,200,3090,3056
112117540825,11184,10103,100,3090,3059
112117540825,11186,10103,200,3090,3062
112117540825,11188,10103,300,3090,3067
112224087826,11206,9995,100,2948,3096
112486423414,11238,10103,100,3106,3078
112566993852,11250,9995,100,2958,3110
112583954976,11258,9995,100,2958,3112
112717132191,11266,10103,100,3114,3089
112717132191,11268,10103,900,3114,3092
112727579808,11272,10103,100,3115,3092
112727579808,11274,10103,100,3115,3094
112754650092,11282,9995,100,2965,3117
112832179478,11288,9995,500,2967,3118
112832179478,11290,9995,100,2969,3118
112832179478,11292,9995,100,2972,3118
112832179478,11294,9995,300,2973,3118
112841024098,11298,10103,100,3119,3094
112885083815,11306,10103,200,3121,3094
113073854221,11316,10103,200,3122,3102
113208164846,11328,9995,100,2979,3125
113408809325,11354,9995,400,2979,3134
113408809325,11356,9995,100,2980,3134
113408809325,11358,9995,200,2983,3134
113408809325,11360,9995,200,2995,3134
113408809325,11362,9995,100,2997,3134
113931731552,11400,10103,100,3146,3127
113931731552,11402,10103,400,3146,3129
113989598049,11410,9995,100,3025,3147
114147456017,11432,10103,100,3154,3136
114212123819,11448,10103,100,3158,3139
114416501952,11464,9995,200,3041,3161
114536008441,11484,10103,100,3168,3152
114612788330,11496,9995,100,3042,3171
114825196798,11514,9995,100,3050,3176
114825196798,11516,9995,100,3053,3176
114858072987,11522,9995,100,3054,3178
115030802286,11532,10103,100,3180,3159
115056303388,11540,9995,100,3060,3182
115233488539,11566,10103,100,3192,3162
115402048079,11590,10103,100,3197,3184
115436850708,11596,9995,100,3076,3198
115478124817,11600,10103,100,3199,3185
115478124817,11602,10103,100,3199,3188
115478124817,11604,10103,300,3199,3190
115566341059,11616,10104,500,3201,1965
115968710793,11642,10104,100,3210,2282
115968710793,11644,10104,100,3210,2398
116327382461,11676,10104,100,3219,2613
116327382461,11678,10104,100,3219,2639
116369166584,11684,9995,100,3087,3221
116369166584,11686,9995,200,3088,3221
116369166584,11688,9995,100,3091,3221
116369166584,11690,9995,500,3093,3221
116369166584,11692,9995,100,3095,3221
116745418403,11720,9995,100,3104,3231
116787924850,11726,10104,100,3233,2672
117074993708,11758,10104,100,3243,2734
117074993708,11760,10104,100,3243,2738
117155664684,11766,10104,100,3244,2772
117337716577,11778,10104,100,3247,2814
117361131812,11782,9995,100,3128,3248
117361131812,11784,9995,100,3133,3248
117795492659,11814,9995,100,3148,3256
117918139156,11826,9995,100,3153,3258
117918139156,11828,9995,100,3157,3258
118132669356,11852,9995,200,3160,3263
118195392235,11866,9995,100,3166,3266
118195392235,11868,9995,100,3167,3266
118195392235,11870,9995,100,3169,3266
118195392235,11872,9995,100,3170,3266
118195392235,11874,9995,100,3174,3266
118558979022,11902,9995,100,3189,3273
118695631310,11918,9995,100,3193,3277
119047996771,11956,10104,500,3287,3052
119047996771,11958,10104,100,3287,3057
119047996771,11960,10104,400,3287,3086
119533750386,11992,10104,200,3296,3098
119956390431,12018,10104,100,3302,3186
119988214477,12022,10104,400,3303,3186
119988214477,12024,10104,100,3303,3200
120131675319,12038,9995,100,3242,3305
120420129411,12058,9995,100,3242,3313
120512202797,12066,10104,100,3315,3205
120512202797,12068,10104,100,3315,3206
120542756408,12074,9995,1000,3245,3317
120577618018,12080,9995,100,3251,3318
120577618018,12082,9995,200,3257,3318
120577618018,12084,9995,200,3260,3318
120626027688,12090,10104,200,3320,3209
120737188183,12108,10104,200,3324,3212
120893204877,12114,10104,100,3326,3212
121155889709,12140,9995,100,3270,3337
121412124818,12172,10104,100,3343,3225
121668062147,12188,10104,200,3347,3232
121668062147,12190,10104,100,3347,3236
121668062147,12192,10104,200,3347,3237
121933585982,12214,9995,100,3282,3354
121933585982,12216,9995,100,3284,3354
121933585982,12218,9995,200,3285,3354
121933585982,12220,9995,100,3286,3354
122047552118,12232,10104,100,3357,3249
122047552118,12234,10104,100,3357,3252
122442967739,12274,10104,100,3371,3255
122459823733,12280,9995,100,3307,3373
122459841365,12284,9995,100,3307,3374
122459841365,12286,9995,100,3308,3374
122459841365,12288,9995,100,3310,3374
122459841365,12290,9995,200,3311,3374
122463372784,12294,10104,100,3375,3255
122463372784,12296,10104,400,3375,3262
122467651403,12304,10104,100,3377,3267
122716673903,12322,9995,100,3329,3383
122888846739,12346,10104,100,3387,3291
122888846739,12348,10104,100,3387,3292
122888846739,12350,10104,200,3387,3293
122888846739,12352,10104,100,3387,3298
122918754724,12358,9995,200,3351,3389
122989163752,12366,10104,200,3391,3301
123022576460,12372,10104,200,3392,3304
123022576460,12374,10104,300,3392,3306
123277656599,12392,9995,100,3359,3397
123407160352,12404,9995,100,3359,3400
123599193111,12424,9995,100,3362,3405
123599193111,12426,9995,100,3365,3405
123607479352,12430,9995,100,3366,3406
123688679296,12442,9995,100,3368,3409
124009670546,12478,9995,200,3390,3419
124067148363,12486,10104,200,3420,3346
124113817279,12494,10104,300,3421,3346
124113817279,12496,10104,100,3421,3350
124113817279,12498,10104,100,3421,3356
124157587334,12506,10104,100,3424,3358
124292267502,12516,10104,500,3428,3361
124308627936,12520,10104,500,3429,3369
124308970728,12524,10104,100,3430,3370
124308970728,12526,10104,100,3430,3379
124414650714,12534,10104,100,3431,3381
124414650714,12536,10104,100,3431,3382
124598707822,12550,10104,200,3434,3401
125142729275,12602,10104,100,3449,3413
125216259607,12608,10104,100,3451,3414
125233401276,12612,9995,200,3446,3452
125248122524,12616,9995,100,3447,3453
125248122524,12618,9994,100,1011,3453
125280065058,12628,9994,100,1223,3457
125957399537,12668,9994,100,1707,3468
126881001618,12746,9994,100,2740,3490
126881001618,12748,9994,100,2763,3490
126881001618,12750,9994,300,2816,3490
126909415742,12760,10104,200,3493,3448
126921847575,12764,10104,100,3494,3450
127007582073,12772,10104,100,3496,3455
127187835619,12786,9994,100,2874,3501
127187835619,12788,9994,100,2916,3501
127335083717,12804,10104,100,3505,3473
127479542008,12824,10104,100,3511,3488
127493039745,12828,10104,100,3512,3488
127541283724,12838,10104,100,3514,3499
128064145543,12874,10104,200,3529,3500
128187101784,12886,9994,200,3034,3533
128306126719,12894,10104,100,3536,3502
128325312187,12898,10104,200,3537,3506
128344844615,12902,9994,500,3044,3538
128502192254,12918,10104,100,3544,3507
128502192254,12920,10104,100,3544,3508
128664926667,12936,9994,100,3049,3548
128833024792,12942,10104,100,3550,3517
129080295911,12964,10104,100,3557,3517
129080295911,12966,10104,100,3557,3518
129202709243,12974,9994,100,3123,3560
129482660036,12988,9994,200,3126,3565
129621731782,12994,10104,100,3566,3521
129625992948,12998,9994,100,3126,3567
129637746933,13002,9994,100,3126,3568
129700921365,13014,9994,100,3135,3570
129978610620,13042,9994,100,3179,3579
130355548390,13068,9994,100,3295,3585
130412386038,13074,9994,100,3295,3587
130412386038,13076,9994,100,3342,3587
130676215125,13098,9994,100,3386,3594
130760013533,13116,10104,200,3597,3546
130776150522,13122,10104,100,3599,3547
130854071634,13144,9994,100,3436,3605
130921876960,13156,10104,200,3609,3563
130968449458,13166,10104,100,3611,3572
130968449458,13168,10104,100,3611,3574
130977172547,13172,10104,100,3612,3576
131053905195,13180,9994,100,3441,3614
131098215890,13184,10104,100,3615,3583
131114517391,13188,10104,100,3616,3583
131114517391,13190,10104,500,3616,3590
131114517391,13192,10104,100,3616,3591
131114517391,13194,10104,100,3616,3592
131114517391,13196,10104,100,3616,3593
131114517391,13198,10104,100,3616,3595
131314189187,13220,10104,100,3622,3607
131465820600,13232,9994,500,3461,3624
131519898068,13242,9994,100,3464,3627
131557191435,13254,9994,100,3464,3631
131621014266,13260,10104,100,3633,3625
131621014266,13262,10104,100,3633,3629
132047343723,13292,9994,200,3472,3642
132384273309,13326,10104,200,3651,3641
132817066212,13368,9994,200,3485,3665
132832438503,13376,9994,100,3486,3667
132837697149,13382,9994,100,3487,3669
132837697149,13384,9994,100,3492,3669
133038556858,13402,10104,100,3674,3655
133112523530,13410,10104,100,3675,3670
133149933616,13418,10105,200,3676,1639
133149933616,13420,10105,300,3676,1835
133291540727,13432,9994,200,3503,3679
133439219006,13448,9994,100,3509,3684
133472183580,13452,9994,100,3509,3685
133691790850,13464,10105,100,3689,2666
133800826989,13478,10105,200,3693,2781
133945664175,13486,10105,100,3694,2864
134021427030,13490,10105,100,3695,2864
134150372010,13502,10105,200,3696,3004
134379911982,13534,9994,200,3541,3706
134451981422,13544,9994,100,3542,3708
134685471229,13554,9994,500,3543,3712
134712798141,13558,10105,200,3713,3235
134721210277,13564,10105,500,3715,3235
134755648564,13570,9994,100,3555,3716
134877851681,13582,9994,100,3556,3720
135072742250,13598,10105,100,3724,3312
135292733306,13620,9994,200,3562,3730
135405113605,13632,10105,100,3733,3327
135405113605,13634,10105,200,3733,3338
135405113605,13636,10105,100,3733,3345
135405113605,13638,10105,100,3733,3353
135477882981,13646,9994,100,3571,3735
135477882981,13648,9994,200,3573,3735
135477882981,13650,9994,200,3575,3735
135477882981,13652,9994,100,3577,3735
135477882981,13654,9994,100,3581,3735
135477882981,13656,9994,100,3582,3735
135477882981,13658,9994,200,3588,3735
135710238468,13678,10105,100,3740,3376
135898925572,13690,10105,100,3744,3402
135901696728,13694,10105,100,3745,3402
135941150657,13698,10105,100,3746,3412
135941150657,13700,10105,100,3746,3415
135980068899,13708,9994,200,3601,3748
136018485857,13716,9994,100,3606,3749
136154629993,13726,10105,100,3752,3458
136154629993,13728,10105,100,3752,3463
136328410392,13744,10105,100,3756,3474
136328410392,13746,10105,100,3756,3477
136534546730,13764,10105,100,3761,3540
136722498412,13780,9994,100,3632,3765
136749091091,13784,10105,100,3766,3551
137417470114,13838,10105,200,3781,3677
137654444436,13850,9994,100,3656,3783
137654444436,13852,9994,100,3659,3783
137654444436,13854,9994,100,3661,3783
137654444436,13856,9994,500,3662,3783
137654444436,13858,9994,200,3663,3783
137806974863,13878,9994,100,3666,3788
137999895331,13894,9994,100,3668,3792
138369832877,13932,9994,100,3680,3803
138395106427,13936,9994,100,3686,3804
138776052978,13972,9994,100,3699,3818
138779859124,13976,9994,100,3700,3819
138806440006,13982,9994,200,3704,3820
138840464531,13988,10105,100,3822,3726
139126829977,14012,9994,100,3719,3827
139126829977,14014,9994,100,3721,3827
139126829977,14016,9994,100,3722,3827
139126829977,14018,9994,500,3727,3827
139126829977,14020,9994,200,3728,3827
139256694222,14034,9994,100,3729,3832
139256694222,14036,9994,100,3731,3832
139409901769,14048,10105,100,3836,3743
139409901769,14050,10105,100,3836,3747
139709662820,14082,10105,100,3849,3747
139801123161,14098,10105,100,3854,3753
140031604354,14122,9994,100,3738,3863
140035706105,14126,9994,100,3738,3864
140269022615,14150,10105,100,3873,3764
140269022615,14152,10105,200,3873,3768
140269022615,14154,10105,100,3873,3771
140269022615,14156,10105,100,3873,3772
140416977862,14170,10105,200,3876,3776
140686842921,14190,10105,200,3881,3780
141240907034,14220,9994,500,3775,3893
141615295128,14258,9994,100,3785,3903
141632727232,14262,9994,100,3785,3904
141932236555,14290,10105,100,3911,3815
141932236555,14292,10105,100,3911,3816
142109441061,14312,9994,100,3799,3917
142109441061,14314,9994,100,3800,3917
142147389835,14320,10105,100,3919,3816
142251388466,14328,10105,500,3922,3824
142803625391,14364,9994,1000,3814,3930
142889301790,14374,10105,100,3933,3839
142917401681,14384,10105,100,3937,3839
142917401681,14386,10105,100,3937,3843
143945670991,14460,9994,200,3830,3960
144049876719,14472,10105,100,3963,3870
144109670436,14478,9994,100,3840,3964
144206715952,14488,10105,500,3966,3884
144206715952,14490,10105,100,3966,3886
144206715952,14492,10105,200,3966,3889
144206715952,14494,10105,100,3966,3895
144206715952,14496,10105,100,3966,3896
144366465021,14510,9994,100,3841,3969
144383824481,14518,9994,100,3842,3970
144513853323,14526,9994,100,3844,3972
144696710900,14534,9994,100,3844,3974
145044686162,14562,10105,200,3980,3934
145206485378,14586,10105,200,3985,3943
145252321272,14590,10105,100,3986,3945
145252321272,14592,10105,100,3986,3946
145252321272,14594,10105,100,3986,3950
145252321272,14596,10105,100,3986,3953
145252321272,14598,10105,100,3986,3954
145282224962,14602,10105,100,3987,3954
145282224962,14604,10105,100,3987,3956
145475295273,14622,10105,100,3991,3958
145925674335,14648,9994,100,3877,4001
146181732087,14674,9994,200,3882,4009
146231115638,14684,10105,100,4011,3982
146231115638,14686,10105,100,4011,3988
146397288421,14704,9994,200,3887,4016
146397288421,14706,9994,100,3888,4016
146397288421,14708,9994,200,3890,4016
146509307316,14716,10105,100,4019,3993
146543045560,14724,9994,100,3890,4021
146655502951,14734,10105,100,4024,3998
146722257434,14744,9994,100,3894,4027
146722257434,14746,9994,100,3897,4027
146722257434,14748,9994,100,3898,4027
146722257434,14750,9994,100,3900,4027
146722257434,14752,9994,100,3901,4027
147219025775,14790,10105,100,4040,4002
147293748745,14794,9994,200,3907,4041
147293748745,14796,9994,100,3909,4041
147293748745,14798,9994,100,3915,4041
147293748745,14800,9994,100,3918,4041
147505568594,14824,9994,100,3926,4045
147505568594,14826,9994,200,3929,4045
147505568594,14828,9994,200,3931,4045
147660385439,14844,9994,100,3947,4050
148107971651,14882,10105,100,4062,4018
148413948468,14908,9994,100,3977,4067
148581895473,14932,9994,200,3979,4075
148799662860,14942,9994,100,3994,4077
148922203440,14960,10105,100,4082,4035
148922203440,14962,10105,100,4082,4037
148922203440,14964,10105,200,4082,4039
148922203440,14966,10105,200,4082,4046
148922203440,14968,10105,100,4082,4047
148922203440,14970,10105,300,4082,4052
148959714621,14982,9994,100,4004,4085
149119555978,14996,10105,100,4088,4059
149312136016,15014,9994,100,4012,4093
149446939469,15032,10105,100,4100,4069
149716189666,15058,9994,100,4012,4112
150163024928,15094,9994,100,4014,4122
150163024928,15096,9994,400,4017,4122
150273137277,15106,10105,100,4125,4096
150606482436,15148,10105,100,4137,4107
150612571945,15152,10105,100,4138,4107
150614578807,15156,10105,100,4139,4107
150620922405,15160,10105,100,4140,4107
150711941534,15172,10105,100,4142,4109
150711941534,15174,10105,100,4142,4110
151038156094,15198,10105,100,4145,4111
151241864011,15214,10105,200,4150,4115
151281247844,15218,10105,200,4151,4115
151437429822,15234,10105,100,4155,4117
151882212647,15266,9994,200,4079,4162
152030270775,15280,9994,100,4086,4167
152065553328,15286,9994,100,4102,4169
152326965931,15306,10105,100,4174,4157
152339141281,15310,9994,200,4116,4175
153187024346,15356,10105,100,4191,4166
153187024346,15358,10105,100,4191,4170
153269912061,15376,10105,100,4199,4171
153410404289,15390,10105,100,4201,4185
153706609887,15416,9994,100,4144,4209
153878367291,15432,9994,200,4147,4214
153878367291,15434,9994,100,4152,4214
153878367291,15436,9994,200,4161,4214
153966263975,15450,10105,100,4218,4202
153966263975,15452,10105,100,4218,4203
154017744271,15458,9994,200,4172,4220
154017744271,15460,9994,200,4176,4220
154017744271,15462,9994,100,4177,4220
154286200954,15478,10105,100,4225,4203
154305313770,15482,10105,100,4226,4207
154782079980,15516,10105,100,4237,4228
154933473414,15530,10105,100,4240,4231
154933473414,15532,10105,100,4240,4234
154933473414,15534,10105,200,4240,4236
154933473414,15536,10106,100,4240,2071
154986539251,15542,10106,200,4241,2122
155123710678,15554,9994,100,4187,4244
155215611808,15564,9994,100,4188,4247
155224748984,15568,9994,400,4188,4248
155224748984,15570,9994,100,4190,4248
155285468241,15576,9994,200,4192,4250
155322411993,15584,10106,200,4252,2854
155322411993,15586,10106,100,4252,2895
155322411993,15588,10106,700,4252,3364
155395686107,15598,9994,200,4193,4256
155713103937,15624,10106,200,4263,3702
155713103937,15626,10106,200,4263,3751
155713103937,15628,10106,100,4263,3821
155893971874,15642,9994,100,4200,4268
156026347669,15650,10106,100,4270,3848
156273458393,15686,9994,100,4211,4283
156273458393,15688,9994,100,4215,4283
156431570577,15698,9994,100,4219,4286
156431570577,15700,9994,200,4222,4286
156431570577,15702,9994,100,4224,4286
156431570577,15704,9994,200,4232,4286
156431570577,15706,9994,400,4233,4286
156462448138,15712,9994,100,4233,4287
156553739483,15722,10106,200,4289,3892
156585224666,15726,9994,100,4239,4290
156724697962,15738,9994,100,4243,4294
156742503362,15742,10106,100,4295,3928
156751018381,15746,9994,100,4243,4296
156836655869,15760,10106,100,4299,3948
157299194211,15800,10106,100,4308,4049
157299194211,15802,10106,100,4308,4057
157299194211,15804,10106,200,4308,4061
157299194211,15806,10106,100,4308,4092
157422925833,15824,9994,200,4269,4315
157745482306,15842,10106,100,4319,4149
158007301094,15864,9994,500,4279,4328
158009159011,15868,9994,100,4280,4329
158009159011,15870,9994,100,4284,4329
158071886073,15874,10106,100,4330,4149
158135579320,15880,10106,100,4331,4149
158203915630,15888,10106,100,4332,4164
158203915630,15890,10106,100,4332,4195
158480198119,15916,9994,100,4305,4337
158480198119,15918,9994,200,4307,4337
158480198119,15920,9994,200,4313,4337
158504355016,15926,9994,100,4314,4339
158504355016,15928,9994,100,4320,4339
158755380969,15946,10106,100,4344,4259
158886760134,15958,10106,100,4349,4259
158975780783,15974,9994,200,4335,4353
159170603288,15994,9994,100,4351,4357
159170603288,15996,9994,400,4352,4357
159325889198,16004,9994,100,4352,4358
159325889198,16006,9994,100,4354,4358
159341781283,16010,9994,400,4354,4359
159341781283,16012,9994,100,4356,4359
159359252263,16018,10106,100,4361,4282
159488478039,16024,10106,200,4362,4282
159536257488,16038,10106,100,4367,4285
159687584751,16052,9993,200,2803,4371
160219868239,16072,10106,100,4375,4298
160241524227,16080,9993,200,3264,4376
160258213841,16088,9993,100,3331,4378
160339561920,16098,9993,100,3331,4381
160361786661,16102,9993,100,3484,4382
160474943764,16114,9993,500,3528,4383
160587394844,16128,10106,100,4385,4325
160670546022,16132,9993,100,3532,4386
160670546022,16134,9993,100,3586,4386
160694911449,16140,10106,400,4388,4325
160694911449,16142,10106,100,4388,4327
161007510481,16188,10106,100,4401,4338
161070956915,16192,10106,100,4402,4342
161142850014,16204,9993,200,3709,4406
161254387937,16216,10106,100,4411,4342
161296110063,16222,9993,200,3717,4413
161323493469,16226,9993,100,3717,4414
161425746673,16242,10106,100,4419,4343
161425746673,16244,10106,100,4419,4345
161425746673,16246,10106,300,4419,4346
161678797198,16270,9993,100,3758,4423
161699089988,16276,9993,100,3758,4425
161699089988,16278,9993,100,3773,4425
161986907084,16304,9993,100,3834,4430
162420288189,16354,10106,100,4442,4394
162475541924,16364,9993,100,3984,4444
162479760684,16370,10106,100,4445,4396
162984389468,16412,10106,100,4454,4424
162984389468,16414,10106,100,4454,4429
162996358652,16420,9993,100,4030,4456
162996358652,16422,9993,100,4060,4456
163001356073,16426,9993,100,4064,4457
163001356073,16428,9993,400,4083,4457
163114992810,16446,9993,100,4083,4464
163114992810,16448,9993,100,4101,4464
163114992810,16450,9993,100,4106,4464
163114992810,16452,9993,100,4114,4464
163114992810,16454,9993,200,4123,4464
163114992810,16456,9993,200,4133,4464
163114992810,16458,9993,100,4173,4464
163114992810,16460,9993,100,4179,4464
163117998645,16464,9993,100,4180,4465
163168004887,16470,9993,200,4180,4467
163177679035,16474,10106,100,4468,4432
163177679035,16476,10106,200,4468,4435
163177679035,16478,10106,200,4468,4436
163177679035,16480,10106,100,4468,4438
163177679035,16482,10106,100,4468,4441
163177679035,16484,10106,200,4468,4446
163177679035,16486,10106,100,4468,4449
163247393202,16498,10106,200,4471,4460
163256365724,16502,9993,100,4183,4472
163587552670,16528,9993,200,4246,4477
163599917778,16534,10107,100,4479,3344
163662098969,16538,10107,100,4480,3344
163747628586,16548,9993,100,4265,4483
163812023197,16554,9993,100,4273,4485
163922339077,16564,10107,500,4487,3534
163922339077,16566,10107,500,4487,3794
163947141184,16570,10107,100,4488,3983
163947141184,16572,10107,400,4488,4044
164074163086,16588,10107,100,4493,4158
164074163086,16590,10107,200,4493,4160
164074163086,16592,10107,200,4493,4212
164152323792,16600,10107,100,4496,4249
164152323792,16602,10107,100,4496,4257
164458166386,16616,10107,100,4498,4318
164505335585,16622,10107,100,4499,4318
164516600074,16626,9993,200,4363,4500
164516600074,16628,9993,200,4370,4500
164516600074,16630,9993,100,4373,4500
164644175195,16642,9993,200,4377,4503
164644175195,16644,9993,100,4379,4503
164644175195,16646,9993,100,4380,4503
164644175195,16648,9993,100,4384,4503
165001718446,16670,10107,100,4511,4368
165001718446,16672,10107,100,4511,4409
165236938787,16688,10107,100,4515,4443
165329779439,16704,9993,200,4395,4518
165575003933,16728,9993,100,4403,4524
165612613773,16736,9993,100,4404,4527
165612613773,16738,9993,200,4408,4527
165612613773,16740,9993,100,4410,4527
165612613773,16742,9993,200,4415,4527
165612613773,16744,9993,100,4418,4527
165612613773,16746,9993,100,4420,4527
165612613773,16748,9993,200,4421,4527
165630609136,16754,10107,200,4528,4504
165630609136,16756,10107,300,4528,4507
165636902357,16760,9993,200,4422,4529
165886017456,16784,9993,100,4433,4534
166253465761,16798,9993,200,4433,4540
166524677891,16814,9993,100,4434,4546
166524677891,16816,9993,200,4447,4546
166524677891,16818,9993,100,4450,4546
166524677891,16820,9993,200,4451,4546
166524677891,16822,9993,200,4452,4546
166524677891,16824,9993,100,4458,4546
166524677891,16826,9993,100,4470,4546
166544010256,16830,10107,100,4547,4517
166606097487,16838,10107,100,4548,4522
166631240947,16846,10107,100,4550,4523
166763115066,16858,10107,100,4553,4530
166763115066,16860,10107,100,4553,4532
166763115066,16862,10107,800,4553,4533
167000598567,16892,10107,100,4564,4536
167248074088,16914,10107,100,4569,4539
167294692571,16924,9993,100,4492,4573
167428402562,16938,9993,100,4495,4576
167724279345,16956,10107,200,4583,4545
167815538006,16966,10107,100,4587,4555
167815538006,16968,10107,400,4587,4557
167870269074,16976,9993,200,4508,4590
168020300181,16990,9993,100,4520,4593
168020300181,16992,9993,100,4521,4593
168045870211,17000,9993,100,4531,4594
168187442053,17010,9993,100,4531,4597
168513020112,17036,9993,100,4543,4604
168513020112,17038,9993,100,4544,4604
168541741701,17042,9993,100,4549,4605
168541741701,17044,9993,100,4551,4605
169455665906,17096,10107,100,4619,4602
169462354899,17102,10107,100,4620,4612
169467693805,17106,9993,200,4571,4621
169467693805,17108,9993,100,4572,4621
169467693805,17110,9993,500,4574,4621
169467693805,17112,9993,200,4575,4621
169756645451,17138,9993,100,4578,4630
169927230452,17164,10107,200,4633,4632
169947807484,17168,9993,500,4608,4634
169947807484,17170,9993,100,4609,4634
169947807484,17172,9993,100,4610,4634
169947807484,17174,9993,100,4611,4634
169947807484,17176,9993,200,4613,4634
169996279765,17184,9993,100,4614,4636
170051681596,17192,9993,100,4631,4638
170064099433,17196,10108,100,4639,3975
170064099433,17198,10108,200,4639,4048
170064099433,17200,10108,500,4639,4071
170064099433,17202,10108,100,4639,4073
170064099433,17204,10108,100,4639,4124
170187162890,17218,9993,100,4640,4643
170237216034,17228,9993,200,4640,4647
170266403380,17236,10108,200,4650,4355
170266403380,17238,10108,200,4650,4475
170266403380,17240,10108,100,4650,4482
170420656265,17250,9993,100,4642,4651
170429302487,17254,9993,100,4645,4652
170465444607,17264,10108,100,4653,4519
170524502291,17278,9992,100,3871,4658
170706832067,17292,10108,400,4663,4519
170706832067,17294,10108,100,4663,4542
170787228015,17306,10108,200,4668,4552
170787228015,17308,10108,100,4668,4589
170787228015,17310,10108,100,4668,4595
170787228015,17312,10108,100,4668,4622
171112463242,17340,10108,100,4678,4628
171112463242,17342,10108,100,4678,4635
171112463242,17344,10108,100,4678,4641
171112463242,17346,10108,100,4678,4644
171112463242,17348,10108,100,4678,4646
171473910037,17362,9992,100,4227,4681
171524308201,17370,9992,100,4227,4684
171524308201,17372,9992,100,4235,4684
171524308201,17374,9992,100,4407,4684
171524308201,17376,9992,100,4427,4684
171524308201,17378,9992,500,4437,4684
171524308201,17380,9992,100,4440,4684
171542935991,17384,10108,100,4685,4649
171998650221,17428,9992,200,4600,4696
172112768951,17446,10108,100,4703,4667
172189980021,17456,9992,100,4623,4704
172436687236,17468,9992,100,4623,4708
172436687236,17470,9992,100,4625,4708
172864358690,17502,9992,100,4665,4716
172898205789,17508,9992,100,4665,4718
172898205789,17510,9992,100,4669,4718
172898205789,17512,9992,200,4676,4718
172898205789,17514,9992,100,4679,4718
173254587839,17542,10108,200,4725,4691
173254587839,17544,10108,500,4725,4694
173254587839,17546,10108,300,4725,4697
173719149454,17582,9992,100,4693,4736
173829691143,17598,10108,100,4739,4711
174023993971,17608,10108,400,4742,4711
174023993971,17610,10108,100,4742,4714
174267525870,17626,9992,100,4710,4748
174330102682,17640,10108,200,4752,4719
174500608482,17658,10108,100,4758,4719
174704967945,17678,9992,100,4722,4764
174810327959,17698,9992,100,4728,4772
174810327959,17700,9992,100,4730,4772
174832330596,17704,9992,100,4730,4773
175077821674,17730,10108,200,4779,4740
175077821674,17732,10108,200,4779,4744
175077821674,17734,10108,200,4779,4745
175077821674,17736,10108,100,4779,4747
175077821674,17738,10108,200,4779,4749
175077821674,17740,10108,100,4779,4751
175393759485,17780,9992,100,4757,4788
175393759485,17782,9992,100,4759,4788
175393759485,17784,9992,300,4760,4788
175753522120,17794,9992,100,4763,4791
175887219028,17806,10108,100,4794,4768
175949139958,17812,10108,100,4796,4783
175949139958,17814,10108,100,4796,4787
175979649484,17820,10108,100,4798,4787
175997806003,17824,9992,100,4770,4799
176254876750,17840,10108,100,4803,4787
176306833689,17846,9992,100,4780,4805
176354015429,17856,9992,100,4782,4809
176669250796,17872,9992,100,4786,4813
176669250796,17874,9992,100,4790,4813
176938462742,17896,9992,100,4795,4821
176939845948,17900,9992,100,4797,4822
177055470467,17908,10108,200,4825,4810
177580832687,17934,9992,100,4808,4832
177946397620,17962,9992,100,4818,4842
177957624998,17966,10108,200,4843,4817
177957624998,17968,10108,100,4843,4823
177957624998,17970,10108,200,4843,4824
178391411576,18004,9992,100,4827,4852
178438659853,18012,10108,100,4855,4837
178438659853,18014,10108,100,4855,4840
179070184693,18058,10108,100,4866,4857
179089567292,18062,9992,200,4859,4867
179158759415,18072,10108,100,4871,4861
179250258379,18082,10108,100,4874,4861
179443701384,18098,9992,100,4862,4881
179464103993,18104,10108,200,4882,4864
179464103993,18106,10108,100,4882,4865
179464103993,18108,10108,100,4882,4869
179464103993,18110,10108,100,4882,4877
179547054010,18118,10108,100,4884,4879
179567760441,18122,9992,100,4863,4885
180075291825,18148,10108,100,4892,4887
180397386762,18164,10108,200,4897,4895
180707164266,18196,9992,100,4886,4909
180707164266,18198,9992,100,4889,4909
180913272025,18212,9992,100,4889,4912
180913272025,18214,9992,100,4891,4912
180914379975,18218,9992,100,4893,4913
181603295568,18264,9992,100,4903,4929
181811997339,18286,10108,100,4934,4914
181883065640,18292,9992,100,4921,4936
181883065640,18294,9992,100,4922,4936
182019551626,18310,9992,400,4922,4940
182019551626,18312,9992,100,4923,4940
182208054505,18322,10108,100,4944,4938
182359882442,18336,9992,100,4924,4950
182508509258,18346,10108,100,4952,4938
182508509258,18348,10108,100,4952,4939
182589182425,18362,10108,100,4957,4939
182589182425,18364,10108,100,4957,4945
182806392508,18386,9992,100,4930,4963
182811966996,18390,10109,200,4964,4561
182845701732,18396,9992,100,4930,4965
182857344732,18400,9992,200,4930,4966
182880632655,18406,10109,100,4967,4648
182983243630,18414,10109,200,4969,4654
183141961974,18434,9992,100,4935,4976
183144165647,18438,9992,100,4937,4977
183144165647,18440,9992,400,4941,4977
183367094788,18478,9992,100,4947,4989
183367094788,18480,9992,100,4949,4989
183367094788,18482,9992,300,4951,4989
183438873152,18490,10109,100,4991,4713
183627920688,18510,10109,100,4996,4753
184026000433,18550,9992,500,4959,5009
184026000433,18552,9992,100,4962,5009
184026000433,18554,9992,100,4971,5009
184026000433,18556,9992,100,4973,5009
184026000433,18558,9992,100,4974,5009
184026000433,18560,9992,100,4975,5009
184149078602,18566,10109,100,5011,4835
184149078602,18568,10109,100,5011,4844
184196946268,18574,9992,400,4975,5013
184196946268,18576,9992,100,4978,5013
184360672440,18592,9992,100,4978,5020
184361291372,18596,9992,500,4979,5021
184487952673,18606,9992,100,4981,5023
184487952673,18608,9992,100,4982,5023
184732437918,18628,10109,100,5029,4920
184818835915,18642,10109,100,5033,4920
184979183463,18666,9992,100,4999,5039
184979183463,18668,9992,100,5000,5039
185009551373,18678,10109,200,5041,4925
185150913830,18694,9992,100,5003,5047
185494455656,18724,10109,100,5055,4955
185787048828,18740,10109,200,5060,4961
185893511306,18756,10109,100,5065,4970
185893511306,18758,10109,200,5065,4972
185893511306,18760,10109,100,5065,4980
185893511306,18762,10109,100,5065,4987
185974306458,18770,10109,100,5066,4992
186362979298,18788,10109,200,5071,4998
186362979298,18790,10109,100,5071,5004
186362979298,18792,10109,100,5071,5006
186362979298,18794,10109,100,5071,5007
186592734422,18824,10109,100,5080,5018
186718158629,18834,10109,200,5084,5025
186731250377,18838,10109,100,5085,5030
186928466695,18868,10109,100,5093,5044
186961271881,18874,10109,100,5095,5049
186961271881,18876,10109,200,5095,5052
186961271881,18878,10109,100,5095,5054
186961271881,18880,10109,100,5095,5056
187125548652,18892,9992,200,5051,5098
187159867246,18900,10109,100,5101,5057
187228589188,18906,9992,100,5053,5103
187631631081,18942,10109,100,5116,5059
187694277043,18952,9992,100,5088,5120
187712885610,18956,9992,100,5090,5121
187712885610,18958,9992,100,5091,5121
187740079001,18964,9992,100,5092,5122
187813707326,18976,10109,100,5126,5061
188026775271,18996,10109,200,5132,5064
188114011806,19002,9992,100,5104,5134
188379374358,19036,9992,200,5105,5146
188563734086,19056,10109,100,5150,5076
188563734086,19058,10109,100,5150,5079
188866894888,19084,9992,100,5113,5155
188866894888,19086,9992,100,5114,5155
189219522227,19106,9992,200,5119,5162
189269819022,19118,10109,100,5167,5100
189317355965,19126,10109,100,5169,5107
189558265929,19152,9992,100,5138,5174
189558265929,19154,9992,200,5143,5174
189558265929,19156,9992,100,5145,5174
189558265929,19158,9992,100,5148,5174
189740276184,19184,10109,200,5183,5136
189803532994,19190,9992,100,5149,5185
189841146148,19196,10109,100,5187,5137
189903240510,19210,9992,200,5151,5192
189963037456,19216,10109,100,5194,5139
190105486460,19232,9992,200,5157,5199
190309720289,19248,9992,100,5164,5202
190309720289,19250,9992,100,5168,5202
190401445251,19260,9992,200,5172,5206
190691970679,19276,10109,100,5209,5154
190870778802,19298,9992,100,5193,5216
190874812669,19302,10109,100,5217,5158
190874812669,19304,10109,100,5217,5159
190896334845,19308,9992,100,5193,5218
190896334845,19310,9992,200,5195,5218
190896334845,19312,9992,100,5198,5218
190896334845,19314,9992,100,5203,5218
190975686152,19326,10109,100,5221,5160
191182314480,19348,9992,100,5214,5228
191195377834,19352,10109,100,5229,5160
191195377834,19354,10109,100,5229,5165
191282557499,19370,9992,100,5220,5235
191282557499,19372,9992,100,5223,5235
191387051501,19386,10109,100,5239,5173
191675929341,19410,9992,200,5223,5248
191710564752,19416,10109,100,5249,5182
191710564752,19418,10109,100,5249,5184
191710564752,19420,10109,200,5249,5188
191710564752,19422,10109,100,5249,5189
191728429264,19428,9992,100,5230,5251
191765161505,19434,10109,200,5253,5190
191834775486,19448,10109,100,5255,5200
192013449201,19464,10109,200,5260,5201
192281216759,19488,10109,200,5268,5207
192373367910,19502,9992,500,5244,5271
192373367910,19504,9992,100,5246,5271
192373367910,19506,9992,200,5259,5271
192373367910,19508,9992,200,5261,5271
192431576936,19518,9992,200,5264,5273
192531863942,19532,10109,500,5275,5225
192723152784,19554,9991,100,3476,5282
192747760719,19558,10109,100,5283,5233
192747760719,19560,10109,100,5283,5242
192747760719,19562,10109,100,5283,5252
192747760719,19564,10109,100,5283,5254
192747760719,19566,10109,100,5283,5258
192758425869,19570,10109,500,5284,5262
192772992234,19574,9991,200,3476,5285
192899878474,19592,10109,100,5289,5267
192899878474,19594,10109,100,5289,5269
193424382726,19630,9991,200,4556,5301
193495228063,19642,10109,100,5304,5286
193693968399,19654,10109,200,5307,5300
193824285009,19670,10110,100,5310,5005
194806994340,19738,10110,100,5330,5083
194806994340,19740,10110,100,5330,5125
194823947933,19746,9991,200,4778,5332
194873960024,19756,9991,100,4800,5334
195568230095,19808,9991,100,4846,5352
195568230095,19810,9991,100,4856,5352
195568230095,19812,9991,100,4858,5352
195568230095,19814,9991,100,4873,5352
195568230095,19816,9991,100,4875,5352
195571543122,19820,10110,200,5353,5224
195571543122,19822,10110,100,5353,5272
195571543122,19824,10110,500,5353,5276
195571543122,19826,10110,100,5353,5278
195571543122,19828,10110,100,5353,5288
195778616563,19842,10110,200,5355,5312
195993666719,19864,9991,100,5022,5362
195994926623,19868,10110,100,5363,5314
196098826650,19878,10110,100,5365,5314
196368219594,19898,9991,100,5142,5369
196383960599,19902,9991,200,5142,5370
196397095752,19906,9991,100,5142,5371
196422943188,19910,9991,100,5142,5372
196422943188,19912,9991,200,5170,5372
196422943188,19914,9991,100,5177,5372
196422943188,19916,9991,100,5197,5372
196490268237,19922,10110,500,5374,5326
196501968472,19926,10110,100,5375,5327
196621206243,19938,10110,500,5379,5336
196621206243,19940,10110,100,5379,5337
196621206243,19942,10110,100,5379,5338
196621206243,19944,10110,100,5379,5339
196621206243,19946,10110,100,5379,5341
196621206243,19948,10110,100,5379,5342
197043402016,19978,9991,100,5256,5387
197340945336,20000,10110,100,5393,5357
197467871842,20018,9991,200,5281,5397
197479690458,20022,9991,300,5281,5398
197479690458,20024,9991,100,5287,5398
197479690458,20026,9991,100,5290,5398
197540321633,20036,9991,100,5290,5400
197634695266,20048,9991,100,5290,5405
197974457061,20092,9991,100,5293,5418
197974457061,20094,9991,100,5294,5418
197997995267,20102,10110,200,5420,5391
198328031013,20138,9991,100,5299,5433
198328031013,20140,9991,100,5302,5433
198374159289,20146,9991,900,5302,5435
198374159289,20148,9991,100,5303,5435
198678024061,20194,10110,100,5448,5432
199124325016,20236,10110,100,5459,5443
199221554967,20256,10110,100,5463,5452
199409024284,20280,10110,100,5470,5455
199692243876,20302,10110,100,5477,5460
199713960783,20306,9991,100,5346,5478
199713960783,20308,9991,100,5347,5478
199713960783,20310,9991,300,5359,5478
199754370212,20314,9991,200,5359,5479
199754370212,20316,9991,500,5364,5479
199754370212,20318,9991,100,5366,5479
199754370212,20320,9991,100,5373,5479
199754370212,20322,9991,100,5377,5479
200392191561,20372,10110,100,5494,5476
200416257315,20376,9991,100,5395,5495
200419397522,20380,9991,100,5399,5496
200419397522,20382,9991,100,5402,5496
200583310719,20408,10110,100,5502,5484
200638556290,20418,10110,100,5505,5491
200663614363,20422,10110,100,5506,5491
200864128833,20450,9991,100,5417,5515
200864128833,20452,9991,100,5419,5515
200935294098,20466,10110,100,5520,5500
200948999128,20470,9991,100,5422,5521
200975677922,20474,9991,200,5423,5522
200975677922,20476,9991,200,5425,5522
200975677922,20478,9991,100,5427,5522
201386602478,20520,10110,100,5533,5526
201456380856,20532,9991,200,5442,5537
201456380856,20534,9991,300,5444,5537
201557019614,20544,10110,100,5541,5529
201557019614,20546,10110,100,5541,5530
201706636047,20556,9991,200,5444,5544
201778550409,20568,10110,100,5548,5539
201778550409,20570,10110,100,5548,5540
201820808918,20580,10110,100,5551,5542
201929750988,20594,9991,100,5450,5557
201929750988,20596,9991,100,5453,5557
202132244440,20624,10110,100,5568,5545
202248394475,20644,10110,100,5572,5550
202300302378,20654,9991,100,5468,5575
202345125546,20660,10110,200,5577,5556
202475137346,20668,10110,200,5579,5562
202475137346,20670,10110,300,5579,5567
202570141192,20678,9991,100,5472,5582
202570141192,20680,9991,100,5474,5582
202624583612,20686,10110,200,5584,5567
202645930428,20692,9991,100,5480,5585
202645930428,20694,9991,100,5481,5585
202698633175,20698,10110,100,5586,5573
202804968369,20708,10110,100,5588,5583
202804968369,20710,10110,100,5588,5587
203077230784,20728,10111,200,5592,5247
203077230784,20730,10111,300,5592,5319
203151450187,20742,9991,100,5503,5594
203275639856,20764,10111,100,5598,5349
203275639856,20766,10111,100,5598,5350
203654350758,20796,10111,100,5605,5416
203725675069,20806,10111,100,5607,5511
203725675069,20808,10111,400,5607,5519
203762093986,20814,10111,100,5609,5519
204366043275,20856,9991,100,5536,5618
204366043275,20858,9991,100,5538,5618
204814294532,20888,9991,100,5546,5625
204984327265,20896,9991,400,5546,5628
204984327265,20898,9991,100,5549,5628
205001595250,20902,9991,100,5549,5629
205001595250,20904,9991,200,5552,5629
205001595250,20906,9991,100,5553,5629
205001595250,20908,9991,100,5554,5629
205177918256,20924,10111,100,5634,5622
205178069831,20928,10111,100,5635,5623
205178069831,20930,10111,100,5635,5626
205178069831,20932,10111,100,5635,5633
205178069831,20934,10112,100,5635,5042
205178069831,20936,10112,100,5635,5328
205178069831,20938,10112,200,5635,5368
205178069831,20940,10112,200,5635,5382
205178069831,20942,10112,100,5635,5565
205225402644,20950,10112,100,5637,5601
205300928009,20958,10112,100,5640,5610
205300928009,20960,10112,200,5640,5612
205300928009,20962,10113,100,5640,5179
205300928009,20964,10113,100,5640,5257
205556154300,20992,10113,100,5651,5499
205556154300,20994,10113,200,5651,5642
205556154300,20996,10113,100,5651,5643
205556154300,20998,10113,200,5651,5646
205556154300,21000,10114,400,5651,5401
205562795341,21006,9991,200,5559,5653
205585133496,21010,9991,100,5561,5654
205585133496,21012,9991,100,5564,5654
205692987744,21023,9991,100,5566,5657
205692987744,21025,9991,200,5574,5657
205692987744,21027,9991,200,5578,5657
205826410668,21039,10100,100,5662,5656
205826410668,21041,10100,200,5662,5658
205826410668,21043,10100,100,5662,5660
205826410668,21044,10101,100,5662,5659
206056281516,21059,9991,100,5581,5666
206056281516,21061,9991,100,5591,5666
206056281516,21063,9991,200,5597,5666
206056281516,21065,9991,100,5604,5666
206133507623,21077,10100,200,5671,5669
206144196721,21081,9991,200,5608,5672
206314609551,21098,10101,200,5675,5670
207337824382,21154,9991,100,5636,5698
207774562096,21188,10100,100,5711,5710
208348551841,21224,10100,100,5725,5714
208353956933,21228,10100,200,5726,5715
208361923422,21232,10100,100,5727,5715
208559780419,21248,10100,200,5733,5719
208713666654,21254,10100,100,5735,5724
208738636418,21258,10100,100,5736,5724
208941615461,21280,9991,100,5665,5744
209066721556,21290,10100,100,5746,5732
209206802345,21308,10100,100,5750,5743
209255527701,21320,10100,100,5753,5747
209330476888,21330,10100,100,5756,5751
210272709410,21400,10101,100,5779,5754
210272709410,21402,10101,200,5779,5762
210272709410,21404,10101,100,5779,5771
210272709410,21406,10101,100,5779,5773
210294701943,21410,10101,100,5780,5776
210294701943,21412,10102,100,5780,5720
210440115764,21422,10102,200,5784,5738
210502891342,21428,10102,200,5785,5749
211005340480,21470,9991,100,5700,5793
211120997858,21477,10103,100,5795,5794
211171918206,21481,9991,100,5701,5796
211171918206,21483,9991,200,5705,5796
211171918206,21485,9991,100,5707,5796
211171918206,21487,9991,100,5708,5796
211171918206,21489,9991,100,5717,5796
211171918206,21491,9991,400,5721,5796
211260812614,21498,9991,100,5721,5799
211346337661,21503,9991,500,5723,5800
211715572396,21526,9991,500,5741,5808
211715572396,21528,9991,500,5742,5808
211774221106,21533,9991,100,5748,5810
211816899561,21537,9991,100,5752,5811
211888982133,21545,9991,100,5752,5813
211888982133,21547,9991,100,5759,5813
211888982133,21549,9991,200,5761,5813
211888982133,21551,9991,100,5764,5813
211917357875,21559,10101,100,5816,5812
212021841190,21565,10101,100,5818,5812
212048126036,21571,9991,200,5764,5820
212400167200,21597,9991,100,5768,5828
212400167200,21599,9991,100,5770,5828
212400167200,21601,9991,100,5774,5828
212400167200,21603,9991,100,5775,5828
212400167200,21605,9991,100,5777,5828
212400167200,21607,9991,500,5778,5828
212636832290,21633,9991,100,5792,5838
212636832290,21635,9991,100,5798,5838
212636832290,21637,9991,200,5805,5838
212636832290,21639,9991,100,5806,5838
212666941805,21645,9991,100,5806,5839
212758980452,21655,10101,100,5842,5830
212956800029,21673,10101,200,5846,5836
212956800029,21675,10101,200,5846,5837
212956800029,21677,10101,100,5846,5841
212993660916,21683,10102,100,5847,5844
213129937431,21698,10100,100,5853,5850
213135592155,21702,9991,100,5817,5854
213198808939,21720,9991,100,5823,5860
213267360460,21732,9991,200,5829,5862
213558546319,21764,10100,200,5870,5866
213558546319,21766,10100,100,5870,5868
213558546319,21768,10100,100,5870,5869
213558546319,21770,10101,100,5870,5856
213882297093,21796,9991,100,5863,5877
214261032310,21828,9991,100,5865,5889
214261032310,21830,9991,100,5873,5889
214281783833,21836,10101,100,5890,5875
214588862531,21860,9991,100,5874,5898
214588862531,21862,9991,100,5876,5898
214852334946,21872,9991,100,5884,5900
215203396225,21898,9991,100,5896,5907
215326704980,21906,9991,200,5905,5909
215660418507,21936,10101,200,5917,5902
215660418507,21938,10101,100,5917,5903
215660418507,21940,10101,100,5917,5910
215660418507,21942,10101,100,5917,5911
215771835938,21956,9990,100,2773,5922
215771835938,21958,9990,100,4466,5922
215771835938,21960,9990,100,4558,5922
215771835938,21962,9990,100,4670,5922
215771835938,21964,9990,100,4750,5922
215771835938,21966,9990,200,4816,5922
215771835938,21968,9990,100,4883,5922
215771835938,21970,9990,200,4983,5922
215779286146,21974,9990,100,5026,5923
216002452723,21992,10101,200,5931,5913
216250018796,22006,10101,200,5936,5915
216290158429,22014,10101,200,5938,5915
216393949560,22022,9990,100,5219,5939
216393949560,22024,9990,100,5295,5939
216484359871,22034,9990,100,5305,5942
216484359871,22036,9990,100,5333,5942
216699302657,22052,10101,100,5944,5925
216699302657,22054,10101,100,5944,5928
216793594305,22064,10101,100,5946,5928
216793594305,22066,10101,100,5946,5934
216881649680,22074,10101,100,5948,5943
216881649680,22076,10101,100,5948,5945
217015886345,22088,9990,100,5457,5951
217015886345,22090,9990,100,5475,5951
217015886345,22092,9990,200,5489,5951
217015886345,22094,9990,100,5504,5951
217045699579,22102,9990,100,5504,5953
217090845874,22114,9990,100,5563,5955
217090845874,22116,9990,200,5569,5955
217090845874,22118,9990,100,5570,5955
217090845874,22120,9990,100,5596,5955
217402869096,22138,9990,100,5596,5962
217526010223,22144,10101,100,5963,5958
217609334878,22152,9990,100,5615,5965
217609334878,22154,9990,100,5630,5965
217720651039,22168,10102,200,5970,5893
218538924127,22212,9990,100,5722,5983
218714102356,22226,10102,100,5987,5941
219088337254,22268,9990,100,5845,5997
219313871231,22296,10103,100,6005,5895
219395090616,22310,9990,100,5908,6010
219525503407,22330,9990,200,5918,6015
219525503407,22332,9990,100,5919,6015
219525503407,22334,9990,100,5921,6015
219525503407,22336,9990,100,5926,6015
219930871833,22374,10103,100,6029,6014
220070089302,22382,9990,200,5930,6032
220071664277,22386,10103,100,6033,6014
220127721370,22394,9990,100,5935,6035
220127721370,22396,9990,100,5937,6035
220305720504,22414,10104,100,6038,5920
220333170890,22418,10104,100,6039,6037
220333170890,22419,10105,100,6039,6019
220403693731,22429,9990,100,5949,6042
220783426805,22466,10100,100,6053,6047
220885794806,22472,10100,900,6055,6047
220885794806,22474,10100,100,6055,6049
220889622393,22478,10101,100,6056,6052
221530067554,22516,9990,200,5971,6065
221618519728,22523,10101,200,6067,6063
222285934793,22572,9990,200,5982,6086
222285934793,22574,9990,100,5985,6086
222285934793,22576,9990,100,5989,6086
222285934793,22578,9990,100,5990,6086
222361110067,22588,10100,100,6090,6081
222450712384,22600,9990,200,5995,6094
222688332058,22614,9990,100,5996,6098
222688332058,22616,9990,100,5998,6098
222768977323,22624,10100,200,6100,6083
223027100016,22648,10100,100,6107,6097
223110493024,22661,10100,100,6109,6108
223271814625,22668,9990,100,6006,6111
223422182837,22683,9990,100,6007,6118
223426869611,22686,9990,100,6008,6119
223426869611,22688,9990,100,6009,6119
223431870735,22691,9990,100,6009,6120
223453775932,22694,9990,100,6016,6121
223453775932,22696,9990,100,6020,6121
223453775932,22698,9990,200,6024,6121
223453775932,22700,9990,200,6025,6121
223453775932,22702,9990,400,6026,6121
223749945305,22726,10100,100,6130,6126
223782916898,22734,10100,100,6131,6126
223782916898,22735,10100,100,6131,6128
223975527901,22765,10100,200,6144,6134
224067307215,22775,10100,100,6146,6136
224067307215,22777,10100,100,6146,6140
224196826036,22787,9990,200,6050,6148
224196826036,22789,9990,100,6054,6148
224196826036,22791,9990,100,6060,6148
224196826036,22793,9990,100,6061,6148
224248087062,22801,10100,100,6149,6142
224248087062,22802,10101,100,6149,6145
224539850056,22821,10100,100,6154,6153
224625167937,22829,9990,100,6077,6157
224635006667,22833,10100,100,6158,6153
224688914622,22841,9990,100,6077,6161
224688914622,22843,9990,100,6084,6161
224731712787,22849,10100,300,6163,6153
224731712787,22851,10100,700,6163,6155
225057622362,22873,10100,200,6169,6160
225141748475,22879,9990,100,6088,6170
225168428690,22887,9990,100,6089,6173
225259985884,22903,9990,200,6091,6179
225259985884,22905,9990,300,6092,6179
225974633526,22951,10100,100,6190,6176
226170715078,22975,9990,100,6127,6196
226170715078,22977,9990,100,6129,6196
226187982728,22981,9990,200,6133,6197
226187982728,22983,9990,100,6135,6197
226187982728,22985,9990,200,6137,6197
226202312456,22995,9990,100,6138,6200
226360136543,23015,10100,200,6207,6194
226705999302,23047,10101,100,6216,6172
227073565945,23085,9990,100,6165,6230
227155247340,23099,9990,200,6165,6236
227177513645,23103,9990,200,6165,6237
227452946661,23135,10101,100,6249,6220
227452946661,23137,10101,100,6249,6221
227452946661,23139,10101,100,6249,6226
227452946661,23141,10101,100,6249,6227
227452946661,23143,10101,100,6249,6228
227597684047,23159,10101,100,6253,6235
227597684047,23161,10101,100,6253,6241
227638275052,23167,10101,100,6255,6247
227715660776,23175,10101,100,6257,6252
227719476994,23179,10101,100,6258,6252
227732333908,23185,9990,100,6186,6259
228010270359,23207,9990,100,6187,6266
228010801445,23211,9990,100,6189,6267
228051759081,23215,10101,200,6268,6256
228074747480,23219,9990,100,6193,6269
228143095680,23229,9990,400,6193,6273
228143095680,23231,9990,100,6198,6273
228400789481,23255,10101,100,6280,6271
228400789481,23257,10101,100,6280,6274
228587135759,23279,10102,100,6285,6225
228587135759,23281,10102,100,6285,6245
228587135759,23283,10102,100,6285,6246
228587135759,23285,10102,100,6285,6283
228587135759,23287,10103,100,6285,6222
228628301127,23297,10103,200,6288,6239
228841443289,23311,10103,200,6294,6286
228841443289,23313,10103,200,6294,6287
228841443289,23315,10103,200,6294,6289
228841443289,23317,10103,200,6294,6290
228841443289,23319,10103,100,6294,6291
228841443289,23321,10103,100,6294,6293
228865359510,23326,10104,100,6295,6284
229110819871,23339,10100,100,6301,6300
229191371683,23347,9990,100,6218,6302
229225495197,23350,9990,100,6218,6303
229225495197,23352,9990,500,6223,6303
229225495197,23354,9990,200,6224,6303
229225495197,23356,9990,200,6229,6303
229528022691,23379,9990,100,6238,6311
229528022691,23381,9990,100,6240,6311
229531761163,23385,10100,100,6312,6304
229806029439,23409,10100,100,6320,6305
229806029439,23411,10100,100,6320,6306
229806029439,23413,10100,200,6320,6307
229806029439,23415,10100,100,6320,6309
229842702392,23425,10100,100,6322,6310
230094480291,23455,10100,200,6328,6324
230094480291,23457,10100,200,6328,6325
230094480291,23459,10100,100,6328,6326
230307756424,23487,10100,100,6336,6334
230830485261,23537,9990,200,6298,6356
230853028498,23541,9990,100,6308,6357
230980934367,23555,10100,100,6360,6337
231160734320,23571,9990,500,6329,6364
231426643179,23599,9990,100,6341,6370
231508632361,23603,10100,100,6371,6352
231508632361,23605,10100,100,6371,6353
231771622361,23631,10101,100,6377,6366
231902743844,23638,9990,100,6350,6378
232232087987,23669,9990,100,6354,6388
232507447510,23689,9990,200,6355,6396
232600561763,23699,9990,100,6363,6398
232600561763,23701,9990,100,6367,6398
232600561763,23703,9990,100,6368,6398
232600561763,23705,9990,100,6369,6398
232600561763,23707,9990,100,6372,6398
232719770084,23717,10100,200,6400,6384
232719770084,23719,10100,100,6400,6393
232719770084,23721,10100,200,6400,6394
232722769497,23725,9990,200,6376,6401
233708242223,23801,10100,100,6425,6409
233856555537,23809,9990,100,6392,6427
233856555537,23811,9990,100,6399,6427
233856555537,23813,9990,100,6408,6427
233856555537,23815,9990,100,6413,6427
233856555537,23817,9990,100,6417,6427
233856555537,23819,9990,500,6418,6427
234281356318,23857,9990,200,6429,6437
234653653024,23887,10100,100,6447,6438
234653653024,23889,10100,100,6447,6445
235210425779,23927,10101,500,6456,6424
235366705585,23943,10101,100,6461,6444
235366705585,23945,10101,100,6461,6452
235366705585,23947,10101,300,6461,6459
235569329578,23961,9989,100,5486,6464
235711733719,23973,9989,100,5603,6469
235840968987,23977,10102,100,6470,6412
235840968987,23979,10102,100,6470,6423
235999673676,23997,9989,100,5603,6477
236101371961,24003,10102,100,6479,6466
236117081623,24009,10102,100,6481,6466
236186100167,24023,10102,100,6487,6468
236186100167,24025,10102,100,6487,6478
236336529691,24041,10102,500,6492,6482
236440301520,24057,10102,200,6497,6483
236477848381,24065,10102,100,6499,6485
236540890080,24075,10102,200,6502,6498
236540890080,24077,10103,100,6502,6389
236540890080,24079,10103,100,6502,6467
236540890080,24080,10103,100,6502,6490
236583107666,24088,9989,100,5933,6504
236647928954,24092,9989,100,5933,6506
236685352349,24099,9989,100,5976,6509
236685352349,24101,9989,100,5986,6509
236685352349,24103,9989,100,5991,6509
236685352349,24105,9989,200,6017,6509
236974272676,24127,9989,100,6031,6517
236979691677,24131,9989,100,6031,6518
236979691677,24133,9989,100,6051,6518
236979691677,24135,9989,200,6064,6518
236979691677,24137,9989,100,6066,6518
237015994246,24141,9989,100,6066,6519
237179237188,24153,10100,100,6523,6510
237190128394,24157,9989,100,6105,6524
237289455776,24171,9989,100,6112,6528
237390251130,24183,9989,100,6156,6531
237390251130,24185,9989,400,6164,6531
237441794958,24195,10100,100,6533,6512
237823464422,24223,10100,100,6543,6526
237823464422,24225,10100,100,6543,6527
237935345226,24233,9989,200,6201,6545
237955937350,24239,9989,100,6201,6547
237976247190,24247,9989,100,6209,6548
238038780148,24259,9989,100,6231,6553
238060420328,24265,9989,100,6231,6555
238060420328,24267,9989,400,6244,6555
238458003648,24301,9989,100,6272,6566
238458003648,24303,9989,100,6277,6566
238472658380,24307,9989,100,6277,6567
239176482171,24353,9989,200,6361,6582
239240127276,24363,10100,100,6585,6564
239360038091,24369,10100,100,6587,6570
239683120576,24393,10100,200,6593,6576
240066922639,24433,9989,100,6463,6602
240066922639,24435,9989,100,6465,6602
240126040239,24445,9989,500,6471,6604
240241782079,24455,9989,200,6472,6607
240301009045,24459,9989,100,6474,6608
240674342936,24483,10100,100,6618,6600
240674342936,24485,10100,100,6618,6601
240834950815,24497,10100,100,6621,6610
240834950815,24499,10100,100,6621,6612
240834950815,24501,10100,200,6621,6614
240834950815,24503,10100,100,6621,6617
241269683918,24533,10100,200,6628,6623
241270385493,24537,9989,200,6489,6629
241476510963,24553,9989,100,6495,6631
241476510963,24555,9989,500,6496,6631
241476510963,24557,9989,100,6500,6631
241476510963,24559,9989,300,6503,6631
241694457501,24581,10102,100,6637,6611
241842029368,24597,10102,100,6640,6636
241842029368,24599,10102,100,6640,6638
241921687983,24609,10102,100,6642,6641
242031269823,24619,10102,100,6644,6641
242031269823,24621,10103,100,6644,6534
242109870086,24633,9989,100,6530,6648
242261922716,24646,10104,200,6650,6645
242374892804,24655,9989,200,6537,6654
242535429148,24666,10100,200,6659,6655
